assay,n_assayed,n_positive_log_odds,selection_fraction,top_one_percent_precision,top_one_percent_enrichment,top_one_percent_recall,top_one_percent_retained,top_ten_percent_retained,fit_recall_at_1,top_one_percent_recall_at_1,top_ten_percent_recall_at_1,best_recall_at_1,fit_recall_at_5,top_one_percent_recall_at_5,top_ten_percent_recall_at_5,best_recall_at_5,fit_recall_at_8,top_one_percent_recall_at_8,top_ten_percent_recall_at_8,best_recall_at_8,fit_recall_at_10,top_one_percent_recall_at_10,top_ten_percent_recall_at_10,best_recall_at_10,fit_recall_at_16,top_one_percent_recall_at_16,top_ten_percent_recall_at_16,best_recall_at_16,fit_recall_at_25,top_one_percent_recall_at_25,top_ten_percent_recall_at_25,best_recall_at_25,fit_recall_at_32,top_one_percent_recall_at_32,top_ten_percent_recall_at_32,best_recall_at_32,fit_recall_at_50,top_one_percent_recall_at_50,top_ten_percent_recall_at_50,best_recall_at_50,fit_recall_at_64,top_one_percent_recall_at_64,top_ten_percent_recall_at_64,best_recall_at_64,fit_recall_at_100,top_one_percent_recall_at_100,top_ten_percent_recall_at_100,best_recall_at_100,fit_recall_at_128,top_one_percent_recall_at_128,top_ten_percent_recall_at_128,best_recall_at_128,fit_recall_at_250,top_one_percent_recall_at_250,top_ten_percent_recall_at_250,best_recall_at_250,fit_recall_at_256,top_one_percent_recall_at_256,top_ten_percent_recall_at_256,best_recall_at_256,fit_recall_at_500,top_one_percent_recall_at_500,top_ten_percent_recall_at_500,best_recall_at_500,top_one_percent_hit_at_8,random_top_one_percent_hit_at_8,top_ten_percent_hit_at_8,random_top_ten_percent_hit_at_8,best_hit_at_8,random_best_hit_at_8
A0A1I9GEU1_NEIME_Kennouche_2019,922,73,0.07917570498915401,0.0,0.0,0.0,False,True,0.0021645021645021645,0.0,0.0,0.0,0.004329004329004329,0.0,0.010752688172043012,0.0,0.008658008658008658,0.0,0.021505376344086023,0.0,0.010822510822510822,0.0,0.021505376344086023,0.0,0.017316017316017316,0.0,0.03225806451612903,0.0,0.021645021645021644,0.0,0.03225806451612903,0.0,0.032467532467532464,0.0,0.053763440860215055,0.0,0.05194805194805195,0.0,0.0967741935483871,0.0,0.0670995670995671,0.0,0.0967741935483871,0.0,0.11471861471861472,0.0,0.12903225806451613,0.0,0.15151515151515152,0.1,0.1935483870967742,0.0,0.29004329004329005,0.3,0.34408602150537637,0.0,0.2943722943722944,0.3,0.34408602150537637,0.0,0.5584415584415584,0.7,0.5698924731182796,0.0,False,0.08385138640813028,True,0.5743028304045983,False,0.008676789587852451
A0A247D711_LISMN_Stadelmann_2021,1653,105,0.06352087114337568,0.009523809523809525,0.9260504201680674,0.058823529411764705,True,True,0.0012106537530266344,0.0,0.0,0.0,0.0036319612590799033,0.0,0.012048192771084338,0.0,0.006053268765133172,0.0,0.012048192771084338,0.0,0.006053268765133172,0.0,0.012048192771084338,0.0,0.006053268765133172,0.0,0.012048192771084338,0.0,0.014527845036319613,0.0,0.012048192771084338,0.0,0.020581113801452784,0.0,0.024096385542168676,0.0,0.03631961259079903,0.0,0.03614457831325301,0.0,0.04721549636803874,0.0,0.04819277108433735,0.0,0.0811138014527845,0.058823529411764705,0.0963855421686747,0.0,0.10411622276029056,0.17647058823529413,0.13253012048192772,0.0,0.2033898305084746,0.23529411764705882,0.25903614457831325,0.0,0.20581113801452786,0.23529411764705882,0.25903614457831325,0.0,0.41646489104116224,0.4117647058823529,0.4879518072289157,0.0,False,0.07953582462803876,True,0.5719632537829721,False,0.00483968542044777
ADRB2_HUMAN_Jones_2020,7800,733,0.09397435897435898,0.01227830832196453,1.2278308321964528,0.11538461538461539,True,True,0.0,0.0,0.0,0.0,0.0010256410256410256,0.0,0.001282051282051282,0.0,0.0017948717948717949,0.0,0.002564102564102564,0.0,0.0020512820512820513,0.0,0.002564102564102564,0.0,0.003076923076923077,0.01282051282051282,0.0038461538461538464,0.0,0.004358974358974359,0.01282051282051282,0.005128205128205128,0.0,0.005384615384615384,0.01282051282051282,0.00641025641025641,0.0,0.008461538461538461,0.01282051282051282,0.011538461538461539,0.0,0.011025641025641025,0.01282051282051282,0.014102564102564103,0.0,0.018974358974358976,0.01282051282051282,0.023076923076923078,0.0,0.024102564102564103,0.02564102564102564,0.028205128205128206,0.0,0.048205128205128206,0.0641025641025641,0.05384615384615385,0.0,0.04948717948717949,0.0641025641025641,0.05512820512820513,0.0,0.09743589743589744,0.08974358974358974,0.1064102564102564,0.0,False,0.07728878529258565,True,0.5697045683042992,False,0.0010256410256409554
AICDA_HUMAN_Gajula_2014_3cycles,209,51,0.24401913875598086,0.058823529411764705,4.098039215686274,1.0,True,True,0.0,0.0,0.0,0.0,0.02857142857142857,0.0,0.0,0.0,0.05714285714285714,0.0,0.047619047619047616,0.0,0.05714285714285714,0.0,0.047619047619047616,0.0,0.14285714285714285,0.0,0.19047619047619047,0.0,0.22857142857142856,0.0,0.2857142857142857,0.0,0.2857142857142857,0.3333333333333333,0.3333333333333333,0.0,0.42857142857142855,1.0,0.5714285714285714,1.0,0.5714285714285714,1.0,0.7142857142857143,1.0,0.8,1.0,0.7619047619047619,1.0,0.8857142857142857,1.0,0.8571428571428571,1.0,1.0,1.0,1.0,1.0,1.0,1.0,1.0,1.0,1.0,1.0,1.0,1.0,False,0.1110053180991395,True,0.5778912243163592,False,0.03827751196172269
AMIE_PSEAE_Wrenbeck_2017,6227,643,0.1032599967881805,0.017107309486780714,1.690908193241008,0.1746031746031746,True,True,0.0003211303789338471,0.0,0.0,0.0,0.0006422607578676942,0.0,0.0,0.0,0.0012845215157353885,0.0,0.0,0.0,0.0019267822736030828,0.0,0.0016051364365971107,0.0,0.0032113037893384713,0.0,0.0016051364365971107,0.0,0.00449582530507386,0.0,0.004815409309791332,0.0,0.005780346820809248,0.0,0.004815409309791332,0.0,0.00899165061014772,0.015873015873015872,0.014446227929373997,0.0,0.011560693641618497,0.015873015873015872,0.01765650080256822,0.0,0.019588953114964676,0.047619047619047616,0.033707865168539325,0.0,0.026332691072575465,0.047619047619047616,0.038523274478330656,0.0,0.052986512524084775,0.07936507936507936,0.08186195826645265,0.0,0.054592164418754016,0.07936507936507936,0.08667736757624397,0.0,0.11175337186897881,0.15873015873015872,0.17656500802568217,0.0,False,0.0781714822570102,False,0.5699323199648143,False,0.0012847277982976912
ANCSZ_Hobbs_2022,4670,294,0.06295503211991435,0.05782312925170068,5.745404544796642,0.3617021276595745,True,True,0.0,0.0,0.0,0.0,0.0008565310492505353,0.02127659574468085,0.0021413276231263384,0.0,0.0021413276231263384,0.06382978723404255,0.006423982869379015,0.0,0.0029978586723768737,0.0851063829787234,0.008565310492505354,0.0,0.005139186295503212,0.10638297872340426,0.017130620985010708,0.0,0.007708779443254818,0.14893617021276595,0.021413276231263382,0.0,0.010706638115631691,0.19148936170212766,0.029978586723768737,0.0,0.01841541755888651,0.2127659574468085,0.05139186295503212,0.0,0.022698072805139188,0.2127659574468085,0.059957173447537475,0.0,0.035546038543897214,0.2978723404255319,0.08137044967880086,0.0,0.045396145610278375,0.3191489361702128,0.09207708779443255,0.0,0.0835117773019272,0.3404255319148936,0.1284796573875803,0.0,0.08565310492505353,0.3404255319148936,0.1284796573875803,0.0,0.1670235546038544,0.425531914893617,0.22483940042826553,0.0,True,0.07779047885695767,True,0.5698197920906463,False,0.0017130620985009726
CAS9_STRP1_Spencer_2017_positive,8117,933,0.11494394480719478,0.007502679528403001,0.7426737772200873,0.08536585365853659,True,True,0.0,0.0,0.0,0.0,0.0007392804337111878,0.0,0.0012315270935960591,0.0,0.0012321340561853129,0.0,0.0012315270935960591,0.0,0.0017249876786594382,0.0,0.0024630541871921183,0.0,0.002957121734844751,0.0,0.003694581280788177,0.0,0.004189255791030064,0.0,0.006157635467980296,0.0,0.005667816658452439,0.0,0.006157635467980296,0.0,0.009610645638245442,0.0,0.008620689655172414,0.0,0.011828486939379004,0.0,0.011083743842364532,0.0,0.01700344997535732,0.0,0.013546798029556651,0.0,0.02094627895515032,0.0,0.017241379310344827,0.0,0.040167570231641206,0.024390243902439025,0.03201970443349754,0.0,0.041399704287826515,0.024390243902439025,0.03201970443349754,0.0,0.07368161655988172,0.036585365853658534,0.07389162561576355,0.0,False,0.07804997010161152,True,0.5698392706249007,False,0.0009855858075643598
CASP3_HUMAN_Roychowdhury_2020,1567,158,0.10082961072112316,0.006329113924050633,0.6198575949367088,0.0625,True,True,0.0012195121951219512,0.0,0.0,0.0,0.004878048780487805,0.0,0.0,0.0,0.006097560975609756,0.0,0.0,0.0,0.00853658536585366,0.0,0.0,0.0,0.015853658536585366,0.0,0.006369426751592357,0.0,0.024390243902439025,0.0,0.012738853503184714,0.0,0.032926829268292684,0.0,0.012738853503184714,0.0,0.0524390243902439,0.0,0.044585987261146494,0.0,0.06829268292682927,0.0,0.050955414012738856,0.0,0.1048780487804878,0.0625,0.09554140127388536,0.0,0.12926829268292683,0.0625,0.12101910828025478,0.0,0.24878048780487805,0.1875,0.25477707006369427,0.0,0.2524390243902439,0.1875,0.25477707006369427,0.0,0.47073170731707314,0.6875,0.5923566878980892,1.0,False,0.07899476368216352,False,0.571121842967855,False,0.0051052967453733
CASP7_HUMAN_Roychowdhury_2020,1680,177,0.10535714285714286,0.01694915254237288,1.6749750747756729,0.17647058823529413,True,True,0.0011402508551881414,0.0,0.0,0.0,0.004561003420752566,0.0,0.005952380952380952,0.0,0.00798175598631699,0.0,0.017857142857142856,0.0,0.010262257696693273,0.0,0.023809523809523808,0.0,0.01710376282782212,0.0,0.02976190476190476,0.0,0.026225769669327253,0.0,0.047619047619047616,0.0,0.03192702394526796,0.0,0.047619047619047616,0.0,0.05131128848346636,0.11764705882352941,0.08928571428571429,0.0,0.06499429874572406,0.11764705882352941,0.10714285714285714,0.0,0.10148232611174458,0.11764705882352941,0.17261904761904762,0.0,0.12998859749144812,0.11764705882352941,0.19642857142857142,0.0,0.2531356898517674,0.35294117647058826,0.3869047619047619,0.0,0.25997719498289623,0.35294117647058826,0.3869047619047619,0.0,0.4880273660205245,0.4117647058823529,0.5833333333333334,0.0,False,0.07830013258696811,True,0.5703317223489999,False,0.004761904761904856
CCDB_ECOLI_Adkar_2012,1176,72,0.061224489795918366,0.2638888888888889,1.743445692883895,0.10674157303370786,True,True,0.0,0.0,0.0,0.0,0.001697792869269949,0.0,0.0,0.0,0.003395585738539898,0.0056179775280898875,0.0056179775280898875,0.0056179775280898875,0.0050933786078098476,0.0056179775280898875,0.0056179775280898875,0.0056179775280898875,0.010186757215619695,0.011235955056179775,0.011235955056179775,0.011235955056179775,0.01867572156196944,0.02247191011235955,0.02247191011235955,0.02247191011235955,0.027164685908319185,0.028089887640449437,0.028089887640449437,0.028089887640449437,0.04923599320882852,0.06179775280898876,0.06179775280898876,0.06179775280898876,0.06451612903225806,0.08426966292134831,0.08426966292134831,0.08426966292134831,0.10526315789473684,0.14606741573033707,0.14606741573033707,0.14606741573033707,0.13921901528013583,0.19101123595505617,0.19101123595505617,0.19101123595505617,0.27164685908319186,0.3539325842696629,0.3539325842696629,0.3539325842696629,0.28183361629881154,0.3595505617977528,0.3595505617977528,0.3595505617977528,0.5602716468590832,0.6348314606741573,0.6348314606741573,0.6348314606741573,True,0.7321245576189119,True,0.7321245576189119,True,0.7321245576189119
D7PM05_CLYGR_Somermeyer_2022,1169,141,0.12061591103507271,0.03546099290780142,3.4544917257683214,0.4166666666666667,True,True,0.0011074197120708748,0.0,0.0,0.0,0.005537098560354375,0.08333333333333333,0.008547008547008548,0.0,0.007751937984496124,0.16666666666666666,0.017094017094017096,0.0,0.009966777408637873,0.16666666666666666,0.02564102564102564,0.0,0.014396456256921373,0.16666666666666666,0.042735042735042736,0.0,0.0221483942414175,0.16666666666666666,0.05128205128205128,0.0,0.029900332225913623,0.25,0.10256410256410256,1.0,0.046511627906976744,0.3333333333333333,0.15384615384615385,1.0,0.059800664451827246,0.4166666666666667,0.20512820512820512,1.0,0.09413067552602436,0.4166666666666667,0.2905982905982906,1.0,0.1184939091915836,0.4166666666666667,0.3333333333333333,1.0,0.2369878183831672,0.5,0.5641025641025641,1.0,0.2425249169435216,0.5,0.5641025641025641,1.0,0.4629014396456257,0.8333333333333334,0.8461538461538461,1.0,True,0.0794605022612268,True,0.5710095012696852,False,0.006843455945252375
ENVZ_ECOLI_Ghose_2023,1121,92,0.08206958073148975,0.010869565217391304,1.0153985507246377,0.08333333333333333,True,True,0.0013908205841446453,0.0,0.008849557522123894,0.0,0.0013908205841446453,0.0,0.008849557522123894,0.0,0.0027816411682892906,0.0,0.008849557522123894,0.0,0.005563282336578581,0.0,0.008849557522123894,0.0,0.011126564673157162,0.0,0.008849557522123894,0.0,0.019471488178025034,0.0,0.017699115044247787,0.0,0.027816411682892908,0.0,0.017699115044247787,0.0,0.04033379694019471,0.0,0.035398230088495575,0.0,0.05285118219749652,0.0,0.035398230088495575,0.0,0.09040333796940195,0.08333333333333333,0.09734513274336283,0.0,0.11961057023643949,0.16666666666666666,0.12389380530973451,0.0,0.23783031988873435,0.25,0.21238938053097345,0.0,0.24617524339360222,0.25,0.22123893805309736,0.0,0.5118219749652295,0.8333333333333334,0.5575221238938053,1.0,False,0.08274611161276424,True,0.5737959829549382,False,0.007136485280999083
GFP_AEQVI_Sarkisyan_2016,1084,141,0.13007380073800737,0.014184397163120567,1.3978078658929722,0.18181818181818182,True,True,0.0010070493454179255,0.0,0.0,0.0,0.005035246727089627,0.09090909090909091,0.01834862385321101,0.0,0.008056394763343404,0.09090909090909091,0.01834862385321101,0.0,0.010070493454179255,0.09090909090909091,0.027522935779816515,0.0,0.016112789526686808,0.18181818181818182,0.07339449541284404,0.0,0.025176233635448138,0.18181818181818182,0.10091743119266056,0.0,0.03121852970795569,0.18181818181818182,0.10091743119266056,0.0,0.04934541792547835,0.18181818181818182,0.11926605504587157,0.0,0.0634441087613293,0.18181818181818182,0.1743119266055046,0.0,0.0986908358509567,0.18181818181818182,0.22935779816513763,0.0,0.1268882175226586,0.18181818181818182,0.26605504587155965,0.0,0.24874118831822759,0.36363636363636365,0.48623853211009177,0.0,0.25478348439073517,0.36363636363636365,0.48623853211009177,0.0,0.4954682779456193,0.6363636363636364,0.7706422018348624,0.0,True,0.07860048357800775,True,0.5728873656272192,False,0.0073800738007381295
HEM3_HUMAN_Loggerenberg_2023,5689,237,0.04165934259096502,0.008438818565400843,0.8422533126064106,0.03508771929824561,True,True,0.0,0.0,0.0,0.0,0.001053370786516854,0.0,0.0,0.0,0.0014044943820224719,0.0,0.0,0.0,0.0014044943820224719,0.0,0.0,0.0,0.0028089887640449437,0.0,0.0035149384885764497,0.0,0.0052668539325842695,0.0,0.007029876977152899,0.0,0.006320224719101123,0.0,0.007029876977152899,0.0,0.01228932584269663,0.0,0.014059753954305799,0.0,0.01580056179775281,0.0,0.0210896309314587,0.0,0.026334269662921347,0.0,0.0351493848857645,0.0,0.03476123595505618,0.0,0.05272407732864675,0.0,0.06355337078651685,0.05263157894736842,0.09490333919156414,0.0,0.06495786516853932,0.05263157894736842,0.09666080843585237,0.0,0.12570224719101122,0.08771929824561403,0.1704745166959578,0.0,False,0.07744546786038731,False,0.5698356150780628,False,0.0014062225347157842
KCNE1_HUMAN_Muhammad_2023_function,2315,504,0.21771058315334774,0.021825396825396824,2.105241402116402,0.4583333333333333,True,True,0.0008438818565400844,0.0,0.0,0.0,0.0033755274261603376,0.0,0.0,0.0,0.00590717299578059,0.041666666666666664,0.008620689655172414,0.0,0.007594936708860759,0.041666666666666664,0.008620689655172414,0.0,0.01181434599156118,0.125,0.017241379310344827,0.0,0.017721518987341773,0.125,0.03017241379310345,0.0,0.020253164556962026,0.125,0.034482758620689655,0.0,0.027848101265822784,0.25,0.05603448275862069,1.0,0.03459915611814346,0.3333333333333333,0.06465517241379311,1.0,0.049789029535864976,0.3333333333333333,0.09051724137931035,1.0,0.060759493670886074,0.3333333333333333,0.11206896551724138,1.0,0.11983122362869199,0.4166666666666667,0.19827586206896552,1.0,0.1248945147679325,0.4166666666666667,0.2025862068965517,1.0,0.249789029535865,0.4583333333333333,0.33620689655172414,1.0,True,0.08010638650828628,True,0.5709382366338452,False,0.003455723542116651
KCNH2_HUMAN_Kozek_2020,200,24,0.12,0.0,0.0,0.0,False,False,0.01,0.0,0.0,0.0,0.04,0.0,0.0,0.0,0.06,0.0,0.0,0.0,0.08,0.0,0.0,0.0,0.14,0.0,0.0,0.0,0.21,0.0,0.0,0.0,0.25,0.0,0.0,0.0,0.34,0.0,0.0,0.0,0.43,0.0,0.15,0.0,0.68,0.5,0.55,0.0,0.81,0.5,0.75,0.0,1.0,1.0,1.0,1.0,1.0,1.0,1.0,1.0,1.0,1.0,1.0,1.0,False,0.07859296482412048,False,0.5763563876868145,False,0.040000000000000036
KCNJ2_MOUSE_Coyote-Maestas_2022_function,6963,575,0.08257934798219159,0.01565217391304348,1.556944099378882,0.12857142857142856,True,True,0.0002870264064293915,0.0,0.0,0.0,0.0014351320321469576,0.014285714285714285,0.0028694404591104736,0.0,0.0020091848450057405,0.014285714285714285,0.00430416068866571,0.0,0.0025832376578645237,0.014285714285714285,0.005738880918220947,0.0,0.0031572904707233064,0.014285714285714285,0.005738880918220947,0.0,0.004592422502870264,0.02857142857142857,0.007173601147776184,0.0,0.006027554535017222,0.02857142857142857,0.007173601147776184,0.0,0.010332950631458095,0.02857142857142857,0.011477761836441894,0.0,0.01320321469575201,0.02857142857142857,0.014347202295552367,0.0,0.02095292766934558,0.02857142857142857,0.024390243902439025,0.0,0.02525832376578645,0.02857142857142857,0.03299856527977044,0.0,0.04936854190585534,0.1,0.06743185078909612,0.0,0.0505166475315729,0.1,0.06886657101865136,0.0,0.0978760045924225,0.12857142857142856,0.11908177905308465,0.0,True,0.07768914813852934,True,0.570109791547476,False,0.0011489300588828355
LGK_LIPST_Klesmith_2015,7890,499,0.06324461343472751,0.04609218436873747,4.545841683366733,0.2875,True,True,0.00025348542458808617,0.0,0.0012674271229404308,0.0,0.0012674271229404308,0.0,0.0025348542458808617,0.0,0.0020278833967046894,0.0,0.0025348542458808617,0.0,0.0020278833967046894,0.0,0.0025348542458808617,0.0,0.0032953105196451204,0.0125,0.005069708491761723,0.0,0.00532319391634981,0.0125,0.0076045627376425855,0.0,0.006844106463878327,0.0125,0.0076045627376425855,0.0,0.010139416983523447,0.025,0.01394169835234474,0.0,0.013688212927756654,0.0375,0.022813688212927757,0.0,0.02002534854245881,0.0875,0.03929024081115336,0.0,0.02610899873257288,0.1,0.051964512040557666,0.0,0.047655259822560206,0.1625,0.08491761723700887,0.0,0.048922686945500636,0.175,0.08745247148288973,0.0,0.09784537389100127,0.2875,0.16730038022813687,0.0,False,0.078327885188336,True,0.5697026079309642,False,0.0010139416983525606
MET_HUMAN_Estevam_2023,5393,423,0.07843500834414982,0.018912529550827423,1.888801330881709,0.14814814814814814,True,True,0.00030441400304414006,0.0,0.0,0.0,0.0009132420091324201,0.0,0.0,0.0,0.0015220700152207,0.0,0.001851851851851852,0.0,0.00213089802130898,0.018518518518518517,0.003703703703703704,0.0,0.0036529680365296802,0.018518518518518517,0.003703703703703704,0.0,0.00578386605783866,0.018518518518518517,0.007407407407407408,0.0,0.0073059360730593605,0.018518518518518517,0.007407407407407408,0.0,0.01156773211567732,0.018518518518518517,0.011111111111111112,0.0,0.014611872146118721,0.018518518518518517,0.014814814814814815,0.0,0.022222222222222223,0.018518518518518517,0.020370370370370372,0.0,0.029223744292237442,0.037037037037037035,0.027777777777777776,0.0,0.058447488584474884,0.07407407407407407,0.06481481481481481,0.0,0.059969558599695584,0.07407407407407407,0.06666666666666667,0.0,0.12450532724505327,0.18518518518518517,0.15555555555555556,0.0,False,0.0774005795498467,True,0.570277765404581,False,0.0014834044131282198
NPC1_HUMAN_Erwood_2022_HEK293T,637,75,0.11773940345368916,0.08,7.279999999999999,0.8571428571428571,True,True,0.004149377593360996,0.0,0.015625,0.0,0.016597510373443983,0.0,0.0625,0.0,0.029045643153526972,0.0,0.078125,0.0,0.03734439834024896,0.0,0.09375,0.0,0.06224066390041494,0.2857142857142857,0.140625,0.0,0.08713692946058091,0.2857142857142857,0.171875,0.0,0.0995850622406639,0.2857142857142857,0.1875,0.0,0.14522821576763487,0.5714285714285714,0.296875,1.0,0.1991701244813278,0.7142857142857143,0.34375,1.0,0.3112033195020747,0.8571428571428571,0.46875,1.0,0.3900414937759336,0.8571428571428571,0.609375,1.0,0.6763485477178424,1.0,0.84375,1.0,0.6804979253112033,1.0,0.84375,1.0,0.9585062240663901,1.0,0.96875,1.0,False,0.08505468386507475,True,0.5734484949050204,False,0.012558869701726927
NPC1_HUMAN_Erwood_2022_RPE1,63,9,0.14285714285714285,0.1111111111111111,7.0,1.0,True,True,0.030303030303030304,0.0,0.0,0.0,0.09090909090909091,0.0,0.14285714285714285,0.0,0.15151515151515152,0.0,0.14285714285714285,0.0,0.21212121212121213,1.0,0.2857142857142857,1.0,0.36363636363636365,1.0,0.42857142857142855,1.0,0.42424242424242425,1.0,0.5714285714285714,1.0,0.5454545454545454,1.0,0.7142857142857143,1.0,0.8181818181818182,1.0,1.0,1.0,1.0,1.0,1.0,1.0,1.0,1.0,1.0,1.0,1.0,1.0,1.0,1.0,1.0,1.0,1.0,1.0,1.0,1.0,1.0,1.0,1.0,1.0,1.0,1.0,False,0.1269841269841272,True,0.6332216117054938,False,0.1269841269841272
OTC_HUMAN_Lo_2023,1570,79,0.05031847133757962,0.0379746835443038,3.7262658227848102,0.1875,True,True,0.001277139208173691,0.0,0.006329113924050633,0.0,0.006385696040868455,0.0,0.0189873417721519,0.0,0.010217113665389528,0.0,0.03164556962025317,0.0,0.01277139208173691,0.0,0.04430379746835443,0.0,0.020434227330779056,0.125,0.06329113924050633,0.0,0.03065134099616858,0.125,0.10126582278481013,0.0,0.037037037037037035,0.125,0.10759493670886076,0.0,0.06002554278416347,0.1875,0.15822784810126583,0.0,0.07662835249042145,0.1875,0.22151898734177214,0.0,0.12132822477650064,0.25,0.27848101265822783,0.0,0.1558109833971903,0.25,0.3291139240506329,0.0,0.29246487867177523,0.3125,0.5063291139240507,0.0,0.3001277139208174,0.3125,0.5063291139240507,0.0,0.5466155810983397,0.5,0.7278481012658228,0.0,False,0.07884886035803629,True,0.5728201722963064,False,0.005095541401273884
OXDA_RHOTO_Vanella_2023_activity,6396,324,0.05065666041275797,0.027777777777777776,2.7760416666666665,0.140625,True,True,0.00016353229762878168,0.0,0.0,0.0,0.0008176614881439084,0.0,0.0015625,0.0,0.0013082583810302534,0.0,0.0015625,0.0,0.001635322976287817,0.0,0.003125,0.0,0.002616516762060507,0.0,0.00625,0.0,0.004088307440719542,0.0,0.0125,0.0,0.005233033524121014,0.0,0.0140625,0.0,0.008176614881439084,0.0,0.021875,0.0,0.010466067048242027,0.015625,0.0265625,0.0,0.016353229762878167,0.03125,0.0453125,0.0,0.02060506950122649,0.03125,0.05625,0.0,0.04039247751430908,0.125,0.1,0.0,0.041373671300081766,0.125,0.1015625,0.0,0.08078495502861816,0.15625,0.165625,0.0,False,0.07734279522842569,True,0.5699815665634516,False,0.0012507817385865039
PAI1_HUMAN_Huttinger_2021,5345,524,0.0980355472404116,0.02480916030534351,2.4556474413344644,0.24074074074074073,True,True,0.0003904724716907458,0.018518518518518517,0.001869158878504673,0.0,0.001952362358453729,0.018518518518518517,0.003738317757009346,0.0,0.0031237797735259665,0.018518518518518517,0.005607476635514018,0.0,0.003904724716907458,0.037037037037037035,0.007476635514018692,0.0,0.005857087075361187,0.037037037037037035,0.007476635514018692,0.0,0.008980866848887154,0.037037037037037035,0.014953271028037384,0.0,0.011323701679031628,0.037037037037037035,0.018691588785046728,0.0,0.017571261226083563,0.037037037037037035,0.028037383177570093,0.0,0.02225693088637251,0.037037037037037035,0.03925233644859813,0.0,0.033190160093713394,0.037037037037037035,0.056074766355140186,0.0,0.0417805544709098,0.09259259259259259,0.07102803738317758,0.0,0.07965638422491214,0.16666666666666666,0.14205607476635515,0.0,0.08199921905505662,0.16666666666666666,0.14205607476635515,0.0,0.1569699336196798,0.2222222222222222,0.23551401869158878,0.0,True,0.07807164024578539,True,0.5701413838490729,False,0.0014967259120672871
PHOT_CHLRE_Chen_2023,2122,94,0.04429783223374175,0.02127659574468085,2.0522243713733075,0.09090909090909091,True,True,0.0005470459518599562,0.0,0.0,0.0,0.002735229759299781,0.0,0.009389671361502348,0.0,0.00437636761487965,0.0,0.009389671361502348,0.0,0.005470459518599562,0.0,0.014084507042253521,0.0,0.0087527352297593,0.0,0.028169014084507043,0.0,0.013676148796498906,0.0,0.04225352112676056,0.0,0.0175054704595186,0.045454545454545456,0.06103286384976526,0.0,0.02735229759299781,0.09090909090909091,0.07511737089201878,0.0,0.0350109409190372,0.09090909090909091,0.08450704225352113,0.0,0.05470459518599562,0.09090909090909091,0.12206572769953052,0.0,0.0700218818380744,0.13636363636363635,0.13615023474178403,0.0,0.13676148796498905,0.22727272727272727,0.23943661971830985,0.0,0.1400437636761488,0.22727272727272727,0.24882629107981222,0.0,0.27297592997811815,0.2727272727272727,0.4131455399061033,0.0,False,0.08012006819509421,True,0.5716059813463312,False,0.0037700282752120007
PPARG_HUMAN_Majithia_2016,9576,1048,0.10944026733500417,0.026717557251908396,2.665076335877863,0.2916666666666667,True,True,0.00013303179459890914,0.0,0.0,0.0,0.0006651589729945457,0.0,0.0,0.0,0.0010642543567912731,0.0,0.0,0.0,0.0013303179459890914,0.0,0.0,0.0,0.0021285087135825462,0.0,0.0010427528675703858,0.0,0.0031927630703738196,0.0,0.0010427528675703858,0.0,0.004123985632566184,0.010416666666666666,0.0020855057351407717,0.0,0.006385526140747639,0.020833333333333332,0.006256517205422315,0.0,0.008114939470533458,0.020833333333333332,0.006256517205422315,0.0,0.012904084076094186,0.07291666666666667,0.013555787278415016,0.0,0.01662897432486364,0.08333333333333333,0.021897810218978103,0.0,0.032858853265930556,0.14583333333333334,0.04483837330552659,0.0,0.033657044033524014,0.14583333333333334,0.049009384775808136,0.0,0.0655846747372622,0.19791666666666666,0.09593326381647549,0.0,False,0.07746950005917652,False,0.5702318361779433,False,0.0008354218880535225
PTEN_HUMAN_Mighell_2018,7260,520,0.07162534435261708,0.03461538461538462,3.4425711275026347,0.2465753424657534,True,True,0.00018590816136828406,0.0,0.0,0.0,0.0007436326454731362,0.0,0.0,0.0,0.0013013571295779885,0.0,0.0,0.0,0.0016731734523145567,0.0,0.0,0.0,0.002788622420524261,0.0,0.0,0.0,0.00408997955010225,0.0,0.0013774104683195593,0.0,0.005391336679680238,0.0,0.004132231404958678,0.0,0.008365867261572783,0.0273972602739726,0.013774104683195593,0.0,0.01096858152072876,0.0547945205479452,0.01928374655647383,0.0,0.0174753671686187,0.0821917808219178,0.030303030303030304,0.0,0.022123071202825802,0.1095890410958904,0.0371900826446281,0.0,0.04294478527607362,0.1506849315068493,0.0743801652892562,0.0,0.04387432608291504,0.1643835616438356,0.07713498622589532,0.0,0.08626138687488381,0.2191780821917808,0.13636363636363635,0.0,False,0.07770220898278124,False,0.5697173517582803,False,0.001101928374655614
Q59976_STRSQ_Romero_2015,2999,171,0.05701900633544515,0.023391812865497075,2.338401559454191,0.13333333333333333,True,True,0.0005063291139240507,0.0,0.0,0.0,0.0020253164556962027,0.0,0.0,0.0,0.0035443037974683543,0.0,0.0033333333333333335,0.0,0.004556962025316456,0.0,0.0033333333333333335,0.0,0.007594936708860759,0.0,0.006666666666666667,0.0,0.011645569620253165,0.03333333333333333,0.023333333333333334,0.0,0.015189873417721518,0.03333333333333333,0.03,0.0,0.02430379746835443,0.06666666666666667,0.05,0.0,0.03139240506329114,0.06666666666666667,0.05333333333333334,0.0,0.04911392405063291,0.06666666666666667,0.09,0.0,0.062278481012658225,0.06666666666666667,0.11,0.0,0.1210126582278481,0.16666666666666666,0.21333333333333335,0.0,0.12354430379746835,0.16666666666666666,0.21666666666666667,0.0,0.24,0.43333333333333335,0.36333333333333334,0.0,False,0.0773673593977392,True,0.5701075092188381,False,0.002667555851950887
Q6WV12_9MAXI_Somermeyer_2022,1141,151,0.13234005258545137,0.039735099337748346,3.7781456953642385,0.5,True,True,0.0017513134851138354,0.0,0.0,0.0,0.008756567425569177,0.08333333333333333,0.008695652173913044,1.0,0.012259194395796848,0.08333333333333333,0.017391304347826087,1.0,0.01576182136602452,0.08333333333333333,0.017391304347826087,1.0,0.021015761821366025,0.08333333333333333,0.017391304347826087,1.0,0.0297723292469352,0.16666666666666666,0.034782608695652174,1.0,0.040280210157618214,0.3333333333333333,0.06086956521739131,1.0,0.06654991243432574,0.4166666666666667,0.10434782608695652,1.0,0.08231173380035026,0.4166666666666667,0.13043478260869565,1.0,0.12259194395796848,0.4166666666666667,0.1826086956521739,1.0,0.15411558669001751,0.5,0.22608695652173913,1.0,0.2732049036777583,0.6666666666666666,0.3565217391304348,1.0,0.27845884413309985,0.6666666666666666,0.3652173913043478,1.0,0.5131348511383538,0.8333333333333334,0.5739130434782609,1.0,True,0.08134466615764813,True,0.5737213162252248,True,0.007011393514461117
Q837P4_ENTFA_Meier_2023,697,47,0.06743185078909612,0.0,0.0,0.0,False,True,0.0030303030303030303,0.0,0.014285714285714285,0.0,0.015151515151515152,0.0,0.014285714285714285,0.0,0.024242424242424242,0.0,0.014285714285714285,0.0,0.030303030303030304,0.0,0.02857142857142857,0.0,0.04242424242424243,0.0,0.05714285714285714,0.0,0.06666666666666667,0.0,0.07142857142857142,0.0,0.08484848484848485,0.0,0.11428571428571428,0.0,0.12727272727272726,0.2857142857142857,0.21428571428571427,1.0,0.1606060606060606,0.42857142857142855,0.2857142857142857,1.0,0.24545454545454545,0.42857142857142855,0.37142857142857144,1.0,0.30303030303030304,0.42857142857142855,0.42857142857142855,1.0,0.5242424242424243,0.5714285714285714,0.6,1.0,0.5333333333333333,0.5714285714285714,0.6,1.0,0.9030303030303031,0.8571428571428571,0.8571428571428571,1.0,False,0.07795478029126346,True,0.5731105301171306,False,0.011477761836441891
Q837P5_ENTFA_Meier_2023,747,32,0.0428380187416332,0.03125,2.91796875,0.125,True,True,0.0028328611898017,0.0,0.0,0.0,0.0084985835694051,0.125,0.013333333333333334,0.0,0.014164305949008499,0.125,0.013333333333333334,0.0,0.014164305949008499,0.125,0.013333333333333334,0.0,0.025495750708215296,0.125,0.02666666666666667,0.0,0.04815864022662889,0.125,0.05333333333333334,0.0,0.06515580736543909,0.125,0.08,0.0,0.10198300283286119,0.125,0.17333333333333334,0.0,0.1274787535410765,0.125,0.22666666666666666,0.0,0.18980169971671387,0.25,0.30666666666666664,0.0,0.23512747875354106,0.25,0.38666666666666666,0.0,0.45609065155807366,0.25,0.6133333333333333,0.0,0.4702549575070821,0.375,0.64,0.0,0.7903682719546742,1.0,0.9066666666666666,1.0,True,0.08290722338977419,True,0.572870467635292,False,0.010709504685408433
Q8WTC7_9CNID_Somermeyer_2022,1201,152,0.12656119900083265,0.019736842105263157,1.8233805668016192,0.23076923076923078,True,True,0.0010141987829614604,0.0,0.0,0.0,0.005070993914807302,0.0,0.0,0.0,0.008113590263691683,0.0,0.0,0.0,0.010141987829614604,0.0,0.008264462809917356,0.0,0.014198782961460446,0.0,0.008264462809917356,0.0,0.02028397565922921,0.0,0.01652892561983471,0.0,0.02636916835699797,0.0,0.024793388429752067,0.0,0.04259634888438134,0.0,0.05785123966942149,0.0,0.0537525354969574,0.0,0.06611570247933884,0.0,0.08519269776876268,0.15384615384615385,0.10743801652892562,0.0,0.10851926977687627,0.15384615384615385,0.14049586776859505,0.0,0.22210953346855983,0.3076923076923077,0.2809917355371901,0.0,0.22718052738336714,0.3076923076923077,0.2809917355371901,0.0,0.43509127789046653,0.7692307692307693,0.6033057851239669,1.0,False,0.08361873129764241,False,0.5735122254091316,False,0.006661115736886103
RASH_HUMAN_Bandaru_2017,3134,84,0.026802807913209957,0.023809523809523808,2.3318452380952377,0.0625,True,True,0.0004589261128958238,0.0,0.0,0.0,0.002294630564479119,0.0,0.0031847133757961785,0.0,0.0036714089031665903,0.0,0.0031847133757961785,0.0,0.004589261128958238,0.0,0.0031847133757961785,0.0,0.006883891693437357,0.0,0.006369426751592357,0.0,0.01101422670949977,0.0,0.009554140127388535,0.0,0.014226709499770536,0.0,0.01592356687898089,0.0,0.02202845341899954,0.03125,0.01910828025477707,0.0,0.028453418999541073,0.03125,0.03184713375796178,0.0,0.04497475906379073,0.0625,0.041401273885350316,0.0,0.056906837999082145,0.09375,0.05732484076433121,0.0,0.11151904543368518,0.09375,0.07961783439490445,0.0,0.11381367599816429,0.09375,0.08280254777070063,0.0,0.22120238641578704,0.1875,0.14968152866242038,0.0,False,0.07890946496052353,True,0.5706928115184855,False,0.002552648372686761
RL40A_YEAST_Roscoe_2014,1380,2,0.0014492753623188406,0.0,0.0,0.0,False,False,0.0009727626459143969,0.0,0.0,0.0,0.0048638132295719845,0.0,0.007246376811594203,0.0,0.007782101167315175,0.0,0.014492753623188406,0.0,0.009727626459143969,0.0,0.014492753623188406,0.0,0.01556420233463035,0.0,0.021739130434782608,0.0,0.024319066147859923,0.0,0.021739130434782608,0.0,0.0311284046692607,0.0,0.021739130434782608,0.0,0.048638132295719845,0.0,0.036231884057971016,0.0,0.061284046692607,0.0,0.06521739130434782,0.0,0.0914396887159533,0.0,0.07971014492753623,0.0,0.11478599221789883,0.0,0.10869565217391304,0.0,0.2178988326848249,0.0,0.18115942028985507,0.0,0.2227626459143969,0.0,0.1956521739130435,0.0,0.41926070038910507,0.14285714285714285,0.3695652173913043,0.0,False,0.07852774726211076,True,0.5705058734540351,False,0.005797101449275144
RNC_ECOLI_Weeks_2023,4277,176,0.04115033902267945,0.005681818181818182,0.5651427061310782,0.023255813953488372,True,True,0.00044483985765124553,0.0,0.0,0.0,0.002224199288256228,0.0,0.002336448598130841,0.0,0.003113879003558719,0.0,0.002336448598130841,0.0,0.00400355871886121,0.0,0.004672897196261682,0.0,0.006227758007117438,0.023255813953488372,0.007009345794392523,0.0,0.009786476868327402,0.023255813953488372,0.009345794392523364,0.0,0.012455516014234875,0.023255813953488372,0.009345794392523364,0.0,0.018683274021352312,0.023255813953488372,0.014018691588785047,0.0,0.023131672597864767,0.023255813953488372,0.018691588785046728,0.0,0.03469750889679715,0.023255813953488372,0.028037383177570093,0.0,0.04403914590747331,0.023255813953488372,0.037383177570093455,0.0,0.09074733096085409,0.046511627906976744,0.10046728971962617,0.0,0.09297153024911033,0.046511627906976744,0.102803738317757,0.0,0.18371886120996442,0.13953488372093023,0.19158878504672897,0.0,False,0.07771760532693606,True,0.5701145542745416,False,0.0018704699555762705
RPC1_LAMBD_Li_2019_high-expression,351,38,0.10826210826210826,0.07894736842105263,6.927631578947367,0.75,True,True,0.004081632653061225,0.0,0.0,0.0,0.02040816326530612,0.0,0.027777777777777776,0.0,0.0326530612244898,0.0,0.027777777777777776,0.0,0.04081632653061224,0.0,0.027777777777777776,0.0,0.061224489795918366,0.25,0.05555555555555555,1.0,0.09795918367346938,0.5,0.1388888888888889,1.0,0.11836734693877551,0.75,0.16666666666666666,1.0,0.19183673469387755,0.75,0.25,1.0,0.24081632653061225,0.75,0.3055555555555556,1.0,0.3836734693877551,1.0,0.5,1.0,0.4775510204081633,1.0,0.6388888888888888,1.0,0.8408163265306122,1.0,0.9166666666666666,1.0,0.8571428571428571,1.0,0.9444444444444444,1.0,1.0,1.0,1.0,1.0,False,0.0884642830300374,True,0.583123446891797,False,0.02279202279202286
RPC1_LAMBD_Li_2019_low-expression,351,38,0.10826210826210826,0.02631578947368421,2.3092105263157894,0.25,True,True,0.005714285714285714,0.0,0.0,0.0,0.022857142857142857,0.0,0.027777777777777776,0.0,0.03428571428571429,0.0,0.05555555555555555,0.0,0.045714285714285714,0.0,0.1111111111111111,0.0,0.05714285714285714,0.0,0.16666666666666666,0.0,0.09714285714285714,0.0,0.2222222222222222,0.0,0.12,0.25,0.25,0.0,0.21142857142857144,0.25,0.3055555555555556,0.0,0.26857142857142857,0.25,0.3333333333333333,0.0,0.4057142857142857,0.5,0.4722222222222222,0.0,0.49142857142857144,0.5,0.6388888888888888,0.0,0.8685714285714285,0.5,0.8888888888888888,0.0,0.8914285714285715,0.5,0.9166666666666666,0.0,1.0,1.0,1.0,1.0,False,0.0884642830300374,True,0.583123446891797,False,0.02279202279202286
S22A1_HUMAN_Yee_2023_activity,10094,726,0.07192391519714682,0.02066115702479339,2.0648883070125197,0.1485148514851485,True,True,0.00013475272874275703,0.0,0.0,0.0,0.0006737636437137853,0.0,0.0,0.0,0.0008085163724565423,0.0,0.0009900990099009901,0.0,0.0010780218299420562,0.0,0.0009900990099009901,0.0,0.0018865382023985986,0.009900990099009901,0.0039603960396039604,0.0,0.003099312761083412,0.009900990099009901,0.0039603960396039604,0.0,0.004042581862282711,0.0297029702970297,0.005940594059405941,0.0,0.006333378250909581,0.0297029702970297,0.009900990099009901,0.0,0.007680905538337151,0.0297029702970297,0.013861386138613862,0.0,0.01226249831559089,0.039603960396039604,0.02574257425742574,0.0,0.015631316534159816,0.039603960396039604,0.031683168316831684,0.0,0.03126263306831963,0.0594059405940594,0.05643564356435644,0.0,0.03207114944077617,0.0594059405940594,0.0594059405940594,0.0,0.06279477159412478,0.10891089108910891,0.10297029702970296,0.0,False,0.07732550874465993,True,0.5698929243848505,False,0.0007925500297208954
SC6A4_HUMAN_Young_2021,11576,824,0.07118175535590877,0.014563106796116505,1.4532976230331436,0.10344827586206896,True,True,0.0,0.0,0.0,0.0,0.0005183137525915688,0.0,0.0008635578583765112,0.0,0.0010366275051831375,0.0,0.0008635578583765112,0.0,0.0010366275051831375,0.0,0.0008635578583765112,0.0,0.002073255010366275,0.0,0.0025906735751295338,0.0,0.0036281962681409814,0.0,0.0034542314335060447,0.0,0.0046648237733241185,0.0,0.004317789291882556,0.0,0.006910850034554251,0.0,0.0069084628670120895,0.0,0.009329647546648237,0.008620689655172414,0.010362694300518135,0.0,0.014167242570836213,0.008620689655172414,0.013816925734024179,0.0,0.018140981340704906,0.008620689655172414,0.016407599309153715,0.0,0.03610919143054596,0.034482758620689655,0.03195164075993091,0.0,0.036973047684865236,0.034482758620689655,0.03281519861830743,0.0,0.07221838286109192,0.05172413793103448,0.07512953367875648,0.0,False,0.07743248471040542,True,0.5697807261837069,False,0.0006910850034554938
SRC_HUMAN_Ahler_2019,3372,128,0.03795966785290629,0.0,0.0,0.0,False,True,0.0004450378282153983,0.0,0.0,0.0,0.0017801513128615932,0.0,0.0,0.0,0.0022251891410769915,0.0,0.0,0.0,0.003115264797507788,0.0,0.0,0.0,0.005785491766800178,0.0,0.0,0.0,0.009345794392523364,0.0,0.008875739644970414,0.0,0.012461059190031152,0.0,0.011834319526627219,0.0,0.019581664441477527,0.0,0.01775147928994083,0.0,0.025367156208277702,0.0,0.023668639053254437,0.0,0.03960836671117045,0.0,0.03254437869822485,0.0,0.051179350244770806,0.0,0.038461538461538464,0.0,0.09879839786381843,0.0,0.05917159763313609,0.0,0.10102358700489542,0.0,0.0621301775147929,0.0,0.19804183355585225,0.029411764705882353,0.1242603550295858,0.0,False,0.07795239511417351,False,0.5708375618154696,False,0.0023724792408065243
SRC_HUMAN_Chakraborty_2023_binding-DAS_25uM,3637,143,0.039318119329117406,0.006993006993006993,0.6873936873936873,0.02702702702702703,True,True,0.0,0.0,0.0,0.0,0.0015881418740074113,0.0,0.0,0.0,0.0031762837480148226,0.0,0.0027472527472527475,0.0,0.0037056643726839597,0.0,0.0027472527472527475,0.0,0.005823186871360508,0.0,0.0027472527472527475,0.0,0.009528851244044468,0.0,0.013736263736263736,0.0,0.012175754367390153,0.0,0.016483516483516484,0.0,0.01641079936474325,0.0,0.019230769230769232,0.0,0.02223398623610376,0.02702702702702703,0.024725274725274724,0.0,0.03493912122816305,0.02702702702702703,0.03296703296703297,0.0,0.04446797247220752,0.02702702702702703,0.03571428571428571,0.0,0.09422975119110641,0.02702702702702703,0.0521978021978022,0.0,0.09634727368978295,0.05405405405405406,0.054945054945054944,0.0,0.18845950238221282,0.05405405405405406,0.09615384615384616,0.0,False,0.07861913950013377,True,0.570216978295121,False,0.0021996150673633252
UBE4B_MOUSE_Starita_2013,899,71,0.07897664071190211,0.028169014084507043,2.8137715179968703,0.2222222222222222,True,True,0.001326259946949602,0.0,0.0,0.0,0.005305039787798408,0.0,0.0,0.0,0.009283819628647215,0.0,0.0,0.0,0.010610079575596816,0.0,0.011111111111111112,0.0,0.01856763925729443,0.0,0.03333333333333333,0.0,0.03050397877984085,0.0,0.03333333333333333,0.0,0.038461538461538464,0.0,0.044444444444444446,0.0,0.0610079575596817,0.2222222222222222,0.07777777777777778,1.0,0.07824933687002653,0.2222222222222222,0.08888888888888889,1.0,0.1246684350132626,0.3333333333333333,0.17777777777777778,1.0,0.16180371352785147,0.4444444444444444,0.2222222222222222,1.0,0.3196286472148541,0.6666666666666666,0.3888888888888889,1.0,0.3275862068965517,0.6666666666666666,0.4,1.0,0.6180371352785146,0.8888888888888888,0.6777777777777778,1.0,False,0.07763043158507477,False,0.5714544861700017,False,0.008898776418242438
VKOR1_HUMAN_Chiasson_2020_activity,697,41,0.058823529411764705,0.024390243902439025,2.428571428571429,0.14285714285714285,True,True,0.002257336343115124,0.0,0.014285714285714285,0.0,0.009029345372460496,0.0,0.014285714285714285,0.0,0.01580135440180587,0.0,0.014285714285714285,0.0,0.020316027088036117,0.0,0.014285714285714285,0.0,0.02708803611738149,0.0,0.014285714285714285,0.0,0.04288939051918736,0.14285714285714285,0.05714285714285714,0.25,0.05191873589164785,0.14285714285714285,0.08571428571428572,0.25,0.08577878103837472,0.14285714285714285,0.11428571428571428,0.25,0.11286681715575621,0.14285714285714285,0.15714285714285714,0.25,0.1873589164785553,0.14285714285714285,0.2,0.25,0.22799097065462753,0.2857142857142857,0.2571428571428571,0.25,0.45146726862302483,0.8571428571428571,0.5428571428571428,0.75,0.4650112866817156,0.8571428571428571,0.5571428571428572,0.75,0.8306997742663657,0.8571428571428571,0.8857142857142857,0.75,False,0.07795478029126346,True,0.5731105301171306,False,0.04522240292933821
