all_rho,unfit_rho,fit_rho,fittest_rho,model
0.6696114659617936,0.18020146208637863,0.39700187641069123,0.1632514436223247,ESM3_sm_both
0.498953296060309,0.13395405976179278,0.24143061450082856,-0.05898388486452066,ESM3_sm_both
0.46310636651772547,0.2730469122061339,0.2087674187655152,-0.11891182638681506,ESM3_sm_both
0.6243030956338438,0.4586149778285338,0.30255223194831565,-0.07802701541787739,ESM3_sm_both
0.6852364255706662,0.5208406666564637,0.3702728831156288,0.05157389477750682,ESM3_sm_both
0.454329139330978,0.4026342615230105,0.23890343281873672,-0.15629429224454833,ESM3_sm_both
0.43215973150031123,0.23470925909550927,0.15683186854298786,0.3334524085971734,ESM3_sm_both
0.7616526254709889,0.4423644188270198,0.3413864231940511,0.26534855508777744,ESM3_sm_both
0.20358559719255973,0.2761048766745304,0.046469556682099726,-0.06045476528853143,ESM3_sm_both
0.24876434951436996,-0.04208557149477434,0.11231658144405801,0.12631096234014627,ESM3_sm_both
0.6548433781964557,0.5263289976129896,0.1188297076143631,0.10151596638982745,ESM3_sm_both
0.25059494022234813,0.11571548019320668,0.134507099670559,-0.009893422135481026,ESM3_sm_both
0.5736753474885432,0.6349447420164078,0.26551130755321845,-0.001212100697932408,ESM3_sm_both
0.6672585489135299,0.6974787053152293,0.13357805091880856,-0.1836052463609021,ESM3_sm_both
0.6507018235593094,0.24669152428685753,0.26979659496568387,0.06510294322585775,ESM3_sm_both
0.4853777583966436,0.4653916924173302,0.1500099855804554,-0.07222185577890276,ESM3_sm_both
0.6639869635244289,0.5319489664571817,0.32546542409157275,0.07895715319971529,ESM3_sm_both
0.4993213167032024,0.25802701901928726,0.36317562717109747,-0.028111804816508025,ESM3_sm_both
0.4755043322447209,0.3056525287034377,0.11185286042875653,0.040413709030460314,ESM3_sm_both
0.45782483396246465,0.13704074034677163,0.13552008880216548,0.03039379556038729,ESM3_sm_both
0.6143709619064478,0.37253023238146166,0.36474816723443404,0.107300609010579,ESM3_sm_both
0.5126673183768828,0.31007731764034285,0.2354273333419312,0.10286629953958654,ESM3_sm_both
0.6317800158307102,0.2122514519919663,0.30594352421123,0.18698806968543932,ESM3_sm_both
0.4580422777415571,0.2613351615416419,0.18291103414109594,-0.17173571468560425,ESM3_sm_both
0.36871966796746375,0.25384728134004936,0.080314434394056,-0.2356797748303464,ESM3_sm_both
0.03125952586792343,0.1427433726095683,0.18336223717409977,-0.11314761733547792,ESM3_sm_both
0.43691522137501476,0.31989312326030356,0.1771650973025536,0.11839416172610441,ESM3_sm_both
0.4187384141176711,0.3312337028024564,0.13483741085312498,0.05506118042477638,ESM3_sm_both
0.4348262032085562,-0.6090909090909091,0.07692307692307693,0.44055944055944063,ESM3_sm_both
0.1429146231395111,0.11661643246830472,0.04066933438145789,0.003967035653470937,ESM3_sm_both
0.22737614009115809,-0.0581057489087749,0.1359344316803417,-0.07628916704619505,ESM3_sm_both
0.2743309556741999,0.2284191523258704,0.019514972695740433,0.020880753268536157,ESM3_sm_both
0.5074975198224607,-0.030639766965152658,0.2789843413375707,0.22270594026655072,ESM3_sm_both
0.20080606922712183,,0.17719298245614035,0.47017543859649114,ESM3_sm_both
0.6800045936114617,0.47563452242189563,0.28215363484485295,0.11545670256718413,ESM3_sm_both
0.711931904520199,0.5434408081188001,0.42143450852737163,-0.03222407771615489,ESM3_sm_both
0.463384025069126,0.1569431028600632,0.12550884443841606,0.16068673054981528,ESM3_sm_both
0.1965623394191859,0.19154269259758744,0.012906226017524502,0.15602788515941976,ESM3_sm_both
0.4538826785062787,0.3572505082807852,0.06219009213798106,0.10695671845219476,ESM3_sm_both
0.44438529852030284,0.14337290801105138,0.15551058012448699,0.2078376125125163,ESM3_sm_both
0.38406907030768045,0.4458822045545296,0.22147932333199316,-0.20394873246445114,ESM3_sm_both
0.5143460579207396,0.13892050441037954,0.19153753494450934,0.2806484781751616,ESM3_sm_both
0.40449616071938577,0.013484225697966156,0.10584761143068074,0.14663631609708083,ESM3_sm_both
0.6048862318276501,0.618870123537985,0.17567891087584042,0.05902711896676457,ESM3_sm_both
0.5399990902207936,0.29358963239556846,0.383928273186008,-0.08361737527850926,ESM3_sm_both
0.49980220956808785,0.6422770481190189,0.2266018223520734,-0.042791436201274215,ESM3_sm_both
0.27775207602278756,0.17304447378948704,0.04180183701387532,-0.07762360758256791,ESM3_sm_both
0.4750757530995109,0.27348399626110137,0.21916331122372973,0.15095071035599952,ESM3_sm_both
0.35427255965670434,0.31729677257406913,0.018935307789869113,-0.13816424521635778,ESM3_sm_both
0.6645878082638548,0.47268494400765426,0.12167015892673404,0.15443811555465817,ESM3_sm_both
0.7337580170568205,0.5096915976851513,0.47374155840048765,0.03150134075784751,ESM3_sm_both
0.6646775230426046,0.5251154108404402,0.11114930753177764,0.261826598368431,ESM3_sm_both
0.36058249309286944,0.33403867865581194,0.1656887073971598,0.04880505457450156,ESM3_sm_both
0.7508209783003492,0.5674337928040729,0.3389649048918878,-0.039936215369941054,ESM3_sm_both
0.3498235137416994,0.10943592322020364,0.07793393544488271,0.016732730640377155,ESM3_sm_both
0.41191250644360355,0.30622650069414836,0.10238742404044252,0.1215872301379824,ESM3_sm_both
0.578381158228463,0.1335493860929252,0.3255870789846333,0.09547204508050415,ESM3_sm_both
0.1077436037021648,0.13735529114856979,-0.037478844470382265,0.17337029471841262,ESM3_sm_both
0.5752915348970018,0.5788143715221158,0.06798809890818344,0.03554516196293259,ESM3_sm_both
0.5188937654559145,0.34304209907198446,0.01489067280480195,0.15010039963633745,ESM3_sm_both
0.6875625207438052,0.5584380844957514,0.2870600859481512,0.1898251489059495,ESM3_sm_both
0.3957491459679962,-0.010530245788701719,0.32133712660028446,0.04753911806543385,ESM3_sm_both
0.2708136863311548,0.10018047948280066,0.11109073630314703,0.03077740470105056,ESM3_sm_both
0.16277173798581338,0.08922085415146266,0.0994931956753272,-0.0335232909176133,ESM3_sm_both
0.1833106072288659,-0.039639299882514564,0.08148190690753795,0.15026232261654016,ESM3_sm_both
0.5780616708223648,0.2312640467448283,0.2748453538244341,0.17787347261664047,ESM3_sm_both
0.44107836607836604,0.3150200827548,0.15244267549575571,0.022788911979148327,ESM3_sm_both
0.3101719591439436,0.30199778563620394,0.05554953129240641,-0.06932717910546494,ESM3_sm_both
0.6814462674934516,0.3930929510861534,0.34120668176703234,0.1584999788610324,ESM3_sm_both
0.6225119807142261,0.446589056269704,0.2290205630962517,-0.04014899402657845,ESM3_sm_both
0.5573647960499388,0.3582392396500876,0.23866588746212591,0.16518526099837266,ESM3_sm_both
0.2496014886162448,-0.05105642102249684,0.014588874865029935,0.007550583599441804,ESM3_sm_both
0.516174293051859,0.5918790388112836,0.02683770206384738,-0.23687096549658554,ESM3_sm_both
0.7873180596682142,0.4953852205247931,0.550433001006685,0.10318738331778057,ESM3_sm_both
0.5391893129137298,0.4929489519208593,0.13880609473108077,0.153483661811041,ESM3_sm_both
0.5764242435553928,0.15039056049983882,0.25159737840200946,0.2269703930345097,ESM3_sm_both
0.628049662355175,0.20741706529809625,0.284133837366782,0.07504423126321817,ESM3_sm_both
0.6910034797501005,0.41711780488073436,0.32160947321550326,0.0049951818720856715,ESM3_sm_both
0.1480957274405274,-0.024747573815416396,0.03657549399476414,-0.04703080868265132,ESM3_sm_both
0.41230022566828517,0.17971009978188113,0.17437110814401247,-0.00803191859096525,ESM3_sm_both
0.6833932198379755,0.3329810564286958,0.33408791454200326,0.023124837160829272,ESM3_sm_both
0.4993336258259284,0.18096093479173186,0.21254444869640826,0.10078958988331328,ESM3_sm_both
0.7492721802512826,0.49397021549707926,0.3978645666740339,0.1272985543217283,ESM3_sm_both
0.27092933947772657,0.3096774193548388,-0.2573529411764706,0.29656862745098045,ESM3_sm_both
0.3870113479557562,0.28403100178351715,0.1774990062773956,0.009938000751185637,ESM3_sm_both
0.4246683622946556,0.3627985561656168,0.075708286241802,-0.0014235422580155825,ESM3_sm_both
0.22369555662064597,-0.11533646554385792,0.149989933045132,0.001874633710320488,ESM3_sm_both
0.7533624985807102,0.38560637206043347,0.33147095522571907,0.13091328447373285,ESM3_sm_both
0.2965540349912872,0.24065350233564162,0.045450082629302814,0.05851931789909906,ESM3_sm_both
0.35873848852312973,0.10970526137035634,0.19917243697067877,0.21635961947892626,ESM3_sm_both
0.7127950927304383,0.6420470087075597,0.2621097803519785,-0.007691830000992043,ESM3_sm_both
0.19639237086036684,0.32841122932209665,-0.17360113375360406,0.039933435700378335,ESM3_sm_both
0.6913692804354342,0.5558376444962525,0.1676521461908337,0.14833470709603827,ESM3_sm_both
0.5414777345783505,0.2518919791491508,0.325671208018344,0.12237722590514018,ESM3_sm_both
0.24918231228099527,0.09667778646259009,0.09744453360497762,0.0757513294389982,ESM3_sm_both
0.7388751986779059,0.4418128757779263,0.434193903130696,0.1961636742275004,ESM3_sm_both
0.4732759493731939,0.45198137277970823,0.05151121316298778,0.029709570538136724,ESM3_sm_both
0.506132330956025,0.39292624461077935,0.09043124013362404,0.23578947368421055,ESM3_sm_both
0.6329682062295231,0.49433313394225303,0.10977863513497421,0.2256623679729456,ESM3_sm_both
0.4653209712648014,0.2585644771694496,0.06804502416947002,0.22599434905455335,ESM3_sm_both
0.5297141606387386,0.42585406504516715,0.17868564760620842,-0.10877979410192824,ESM3_sm_both
0.02477698488226089,0.05690634232819757,-0.048379634196589576,0.047140841563784175,ESM3_sm_both
0.6817438117502119,0.4876491354457785,0.42738960385511177,0.2989153607942609,ESM3_sm_both
0.5721911451579108,0.08849108992449722,0.321915057358487,0.1983841606798847,ESM3_sm_both
0.6693104262720742,0.35857173601847087,0.37302176888605554,0.25384133650835317,ESM3_sm_both
0.4020749761652935,0.12015290573246752,0.13626916305064063,0.04585117011045839,ESM3_sm_both
0.5100182032522884,0.378837515569424,0.15797825448134004,0.0036946010204899427,ESM3_sm_both
0.21859932195130005,0.14096295537023493,-0.004090740688220046,0.06562506461543532,ESM3_sm_both
0.5796703215084795,0.5672773560123273,0.046205842928021275,0.22015494944506298,ESM3_sm_both
0.7089336166730165,0.6319863995373759,0.21558868695265396,-0.027036939531800544,ESM3_sm_both
0.7415773474786912,0.5828977299651359,0.3752286005599702,-0.05906876628526112,ESM3_sm_both
0.291127543740589,0.13089128851685203,-0.02517577527022953,0.23469920487615997,ESM3_sm_both
0.3339193893758059,0.28448683367977506,0.030618668731374258,-0.06173903906618991,ESM3_sm_both
0.4337102286066923,0.44834204461220295,0.009012424404250608,0.007947569001382522,ESM3_sm_both
0.581695295594796,-0.039708413485876275,0.2736933797909408,0.07282229965156796,ESM3_sm_both
0.6262230585153703,0.4643455388243778,0.21149798635493722,0.04650229609104501,ESM3_sm_both
0.38931491733783447,0.3752475216180473,0.18488902322541959,0.02246015505961306,ESM3_sm_both
0.33408060987802896,0.219250163148184,-0.16821465428276572,0.15995872033023736,ESM3_sm_both
0.7725560051928352,0.6437383735273136,0.39535407072026524,0.030804058784242302,ESM3_sm_both
0.5585801270662591,0.3045812518531389,0.19994485009329765,0.13379322929958712,ESM3_sm_both
0.4825874040328279,0.3041735093933416,0.1527013647304122,0.01901855224036343,ESM3_sm_both
0.5728792156858636,0.42585793363726426,0.13516416501948111,0.025664754175784045,ESM3_sm_both
0.2574789148395383,0.06804760806153586,0.03194040849319336,0.07793512620272869,ESM3_sm_both
0.42419127988748245,-0.5,0.13097165991902834,0.5718623481781376,ESM3_sm_both
0.5955421953936297,0.0065781970140323665,0.450637409263923,0.10124460483503482,ESM3_sm_both
0.47623313089617714,0.6085160032795508,0.07414835894517169,-0.03439043824701195,ESM3_sm_both
0.6256805444081941,0.22820509120278884,0.313865572440478,0.024255567816587567,ESM3_sm_both
0.4336251537195607,0.2701730259304551,0.146479452003559,0.04232703166239523,ESM3_sm_both
0.6622147571713697,0.21384101688484156,0.4959423499490486,-0.0028779069842493525,ESM3_sm_both
0.4916948769127436,0.4449565466560734,0.06715390670949008,0.024261728799298513,ESM3_sm_both
0.3949763744093603,0.4943156668608037,0.15851140456182472,-0.35462184873949576,ESM3_sm_both
0.5379993228503294,0.12975970026467276,0.29331657716238235,0.21677128843847382,ESM3_sm_both
0.6402885561540725,0.3212001921211494,0.4750136543031239,0.0779982192300986,ESM3_sm_both
0.43471530596987595,0.15443164510560048,0.16335936318591288,0.24989718610264217,ESM3_sm_both
0.33647285298359225,0.0399304463982867,0.11651291552875034,0.22095112648417414,ESM3_sm_both
0.7413605098964438,0.4014008861067927,0.47738915191167103,0.21304288484552023,ESM3_sm_both
0.14650804756971217,0.4279593813582496,0.09415228517780873,-0.15090946680209807,ESM3_sm_both
0.6521464690572351,0.4338185039299268,0.2971656221016835,0.021204334576640026,ESM3_sm_both
0.2952721294894642,0.022134005725998118,0.046225628919648924,0.1867923932114702,ESM3_sm_both
0.4405636906614783,0.3932818495489212,0.15456714279012704,-0.06305340597054375,ESM3_sm_both
0.7802783017707794,0.57059716975913,0.26843161957268197,0.3636754594059387,ESM3_sm_both
0.6695465361874519,0.5025916010237368,0.3413495093555365,0.09057165837678144,ESM3_sm_both
0.3110765937510377,0.20960952281867917,0.04529891719712907,-0.004925850901730626,ESM3_sm_both
0.7082317518898873,0.5825650615579661,0.1726573355720241,0.012834356183418251,ESM3_sm_both
0.1972307217289124,-0.44474958999666075,0.009259259259259259,0.0763550135501355,ESM3_sm_both
0.3743361566711943,0.17904049907364522,0.20641794429437366,0.0775921332344249,ESM3_sm_both
0.1988535113153808,0.19354386706975385,0.16922327274923643,-0.19497141420880368,ESM3_sm_both
0.6412568496759381,0.6722432296134264,0.2975523373638477,-0.11116320935800511,ESM3_sm_both
0.34683712087510543,0.21972659851099077,0.07035378646876747,0.08665864625604139,ESM3_sm_both
0.39055560570399167,0.17398139423772316,0.2111458035002692,0.037240473958503405,ESM3_sm_both
0.19285861946571886,-0.047125749071268,0.09380372466981694,0.1430049783356469,ESM3_sm_both
0.34826538184776246,0.32490623855370493,0.11657629670247008,-0.023681798063608425,ESM3_sm_both
0.5636886724509619,0.6320352144009371,0.06089557245080501,-0.09277728085867623,ESM3_sm_both
0.7306126042010822,0.709724630291572,0.22322444418645154,0.027475401985255707,ESM3_sm_both
0.4971774962869917,0.3867132541319068,0.07700586458455955,0.03895112054548257,ESM3_sm_both
0.6165310477578977,0.42090950735018523,0.3211232781142569,0.049144001577191544,ESM3_sm_both
0.3472418378163674,0.0712241976106191,0.26568936413035915,-0.14185953468664042,ESM3_sm_both
0.5737806162074185,0.16246407856936257,0.20133722545413837,-0.13255009930713063,ESM3_sm_both
0.6109013793405248,0.45806143393115833,0.20223793987444794,0.1866915127560812,ESM3_sm_both
0.2668877746089877,0.24394792995871786,0.08092103270725001,-0.004926417859043765,ESM3_sm_both
0.40255867003723594,0.2662990190077227,-0.027448940493221857,0.044437277377753374,ESM3_sm_both
0.8276965140123035,0.5508097165991904,0.43684210526315786,-0.05087719298245614,ESM3_sm_both
0.30177609623360585,0.3159420410761419,-0.08622275608098495,-0.22897377945662306,ESM3_sm_both
0.39601168397542724,-0.09277921835739249,0.2812838367597781,0.03372033492137174,ESM3_sm_both
0.2588438547391947,0.08632122771053014,0.18414109151506736,-0.03717164503166447,ESM3_sm_both
0.2686355632412517,0.3655957377305755,-0.14788706321814699,0.015510325635092633,ESM3_sm_both
0.7245913510007598,0.5476662565077199,0.26249336836719,0.27565146963261544,ESM3_sm_both
0.5252369792258197,0.5703174531823234,0.025706121539818837,-0.04041412985560923,ESM3_sm_both
0.7161991672625481,0.47639848105459004,0.2106515518379925,0.2064560862865948,ESM3_sm_both
0.5647261750519971,0.539994686486322,0.16246775023265295,-0.028444974009415976,ESM3_sm_both
0.6576592661251559,0.681060160263149,0.24783275203967203,-0.2633311727728222,ESM3_sm_both
0.7050237408422839,0.5213904447526908,0.45565401499004893,0.12326760483859583,ESM3_sm_both
0.4423922442050124,0.19957383324678638,0.1402828334077565,0.10709094216479996,ESM3_sm_both
0.27993506420281544,0.36273723694287907,0.04247684750719933,-0.08450483540233547,ESM3_sm_both
0.30157259481125553,0.2870259634211026,0.06104557010052629,0.02673858616608833,ESM3_sm_both
0.7472244490618404,0.5394367447086886,0.2646953329394886,0.1290459512355875,ESM3_sm_both
0.5225779936665148,0.300698167273959,0.1323318730097401,0.02641078275343767,ESM3_sm_both
0.40606537798483866,0.18328329190763334,0.12877498157025785,0.1177402016176782,ESM3_sm_both
0.6932456403443368,0.49160551644592926,0.4494283875317988,0.028232661869725364,ESM3_sm_both
0.5522260142942409,0.4659727369404789,0.12783527152459193,-0.10080017070308334,ESM3_sm_both
0.6956640380353786,0.534198521224501,0.24699697474344323,0.1273270512853112,ESM3_sm_both
0.7206931622226921,0.5847188869792881,0.3137741291512291,0.19803075673755266,ESM3_sm_both
0.6303866739514904,0.666439792334143,0.13459651126031547,0.043176928267095724,ESM3_sm_both
0.6009567108077224,0.5856208025138416,0.14207771061843802,-0.005730459273305263,ESM3_sm_both
0.4729814682826881,0.3134390872866263,0.22879917204154335,0.038959283627685484,ESM3_sm_both
0.7622791544096268,0.506695627221265,0.491197313491612,0.08192152548588193,ESM3_sm_both
0.173336400115626,0.18228913590271206,0.007595545204370823,0.0073643169105465965,ESM3_sm_both
0.7603441321209188,0.6697379317714317,0.3770947208537768,0.09564018266665336,ESM3_sm_both
0.2781373428212167,0.3443349646330682,0.04130903946042366,0.035536582984834704,ESM3_sm_both
0.3397871817191282,0.5042280692482938,0.00890473970980512,0.01996370892400707,ESM3_sm_both
0.4482987082524251,0.0432177529794383,0.1272680057002502,,ESM3_sm_both
0.4305044955044955,0.018956092399929462,0.06035650256026622,0.14381344236498952,ESM3_sm_both
0.3791395936584417,0.46626987230508277,0.027088059251554008,0.002491417229026246,ESM3_sm_both
0.6682542708530296,0.35397682294438115,0.2158614039453443,0.2755159318161252,ESM3_sm_both
0.22411825943525282,0.10868100446021997,0.09116064620511478,0.08823243013528938,ESM3_sm_both
,,,,ESM3_sm_both
0.6026278996103481,0.16975006461820433,0.4112216504228779,0.150689674767853,ESM3_sm_both
0.31898803744481286,-0.03889029368204314,0.07105263157894738,0.36032388663967607,ESM3_sm_both
0.3436708588826703,0.13514695609283428,0.0857000309817346,0.005005264383181485,ESM3_sm_both
0.602562892720844,0.4628648197631423,0.1084464523211383,0.187845098751475,ESM3_sm_both
0.49518435229009156,0.1981846629994559,0.08844793323296919,0.010936334743510502,ESM3_sm_both
0.5916627909630688,0.24819509964039,0.1740905693143887,0.277722382345823,ESM3_sm_both
0.3298381511522409,0.15520321039086232,0.07387672811059907,0.1776593701996928,ESM3_sm_both
0.4508769788099842,0.37836448942320183,0.02235323016457873,0.09417308788422969,ESM3_sm_both
0.7855300964837276,0.4580578392774432,0.39797949414504497,0.3345018177032785,ESM3_sm_both
0.5590601777856092,0.36444325829285373,0.26470503751575725,0.047900303917371954,ESM3_sm_both
0.755371384972975,0.7438712445041473,0.12329173026847445,0.13976350487978395,ESM3_sm_both
0.4368601323695223,0.4713943687615977,0.020249671876864335,-0.054199478980233064,ESM3_sm_both
0.5735122763657015,0.37490942998328797,-0.0065099580002709635,0.2572212437339113,ESM3_sm_both
0.0007450655697226521,0.20159667894760352,0.08502932393308062,-0.2749538932079765,ESM3_sm_both
0.3354987461682939,0.41122978399751176,0.04518237503094401,0.030029474769101627,ESM3_sm_both
0.514539248858637,0.31563855377863087,0.17767265564813767,0.15322182883192548,ESM3_sm_both
0.482928238218181,0.2726629291758475,0.13157969075772377,-0.05070043339116743,ESM3_sm_both
0.2606781721542552,0.1481446202717617,0.054912512453332375,-0.031259672756911105,ESM3_sm_both
