study,variant,mutant,is_wt,round,model_wt_prob,model_mut_prob,model_log_odds,exp_value,exp_axis_label,model_log_odds_wt,exp_zscore
"Meier, et al. 2007 (Pose Flip)",WT,,True,0.0,,,0.0,5.0,Pose 2 percentage,,0.0
"Meier, et al. 2007 (Pose Flip)",K482P,K482P,False,1.0,0.05998602225118943,0.03210820396134359,-0.625,78.0,Pose 2 percentage,,1.5266978220907612
"Meier, et al. 2007 (Pose Flip)",G472V_K482P,G472V,False,2.0,0.1696194941394259,0.03340005873828233,-1.625,95.0,Pose 2 percentage,,1.8822301916187465
"Tokuriki, et al. 2012 (2NH Shift)",WT,,True,0.0,,,0.0,0.0,$\Delta\log_{10}[(k_{\mathrm{cat}}/K_{\mathrm{m}})_{\mathrm{2NH-POX}}]$,,0.0
"Tokuriki, et al. 2012 (2NH Shift)",H254R,H254R,False,1.0,0.021408761146609487,0.708960801245665,3.5,-3.9079973214866874,$\Delta\log_{10}[(k_{\mathrm{cat}}/K_{\mathrm{m}})_{\mathrm{2NH-POX}}]$,3.5,-2.6299215130678504
"Tokuriki, et al. 2012 (2NH Shift)",H254R_F306I,F306I,False,2.0,0.06456218615344625,0.056975929304506366,-0.125,0.9427594277458993,$\Delta\log_{10}[(k_{\mathrm{cat}}/K_{\mathrm{m}})_{\mathrm{2NH-POX}}]$,-0.125,0.6344383316345942
"Tokuriki, et al. 2012 (2NH Shift)",H254R_F306I_I274S,I274S,False,3.0,0.030945476524517606,0.06973670785489013,0.8125,0.1336423241301783,$\Delta\log_{10}[(k_{\mathrm{cat}}/K_{\mathrm{m}})_{\mathrm{2NH-POX}}]$,0.9375,0.08993578919666102
"Tokuriki, et al. 2012 (2NH Shift)",H254R_D233E_F306I_I274S,D233E,False,4.0,0.9438902650753235,0.016240529108329738,-4.0625,2.4056268373383287,$\Delta\log_{10}[(k_{\mathrm{cat}}/K_{\mathrm{m}})_{\mathrm{2NH-POX}}]$,-1.6874999999999996,1.6188879498828994
"Tokuriki, et al. 2012 (2NH Shift)",H254R_D233E_F306I_I274S_S269T,T172I,False,5.0,0.7491349616504703,0.0015394406811629355,-6.1875,0.14303695870109617,$\Delta\log_{10}[(k_{\mathrm{cat}}/K_{\mathrm{m}})_{\mathrm{2NH-POX}}]$,-5.9375,0.09625799198570202
"Tokuriki, et al. 2012 (2NH Shift)",H254R_D233E_F306I_I274S_T172I_S269T,S269T,False,6.0,0.07558089377424068,0.051945937972474966,-0.375,0.20695566739877153,$\Delta\log_{10}[(k_{\mathrm{cat}}/K_{\mathrm{m}})_{\mathrm{2NH-POX}}]$,-0.375,0.13927265480731937
"Tokuriki, et al. 2012 (2NH Shift)",H254R_D233E_F306I_I274S_T172I_S269T_M138I_T199I_L272M,L272M,False,9.0,0.06972028583548615,0.016560019399214136,-1.4375,2.037058040142044,$\Delta\log_{10}[(k_{\mathrm{cat}}/K_{\mathrm{m}})_{\mathrm{2NH-POX}}]$,-1.3750000000000004,1.3708563037344559
"Tokuriki, et al. 2012 (2NH Shift)",H254R_D233E_F306I_I274S_T172I_S269T_M138I_T199I_L272M_A80V,A80V,False,10.0,0.011444996253516384,0.45716877162601893,3.6875,0.19018574136101862,$\Delta\log_{10}[(k_{\mathrm{cat}}/K_{\mathrm{m}})_{\mathrm{2NH-POX}}]$,3.75,0.12798718410938525
"Tokuriki, et al. 2012 (2NH Shift)",H254R_D233E_F306I_I274S_T172I_S269T_M138I_T199I_L272M_A80V_S111R,S111R,False,11.0,0.04082589147705274,0.34183100419877116,2.125,-0.05949730197500358,$\Delta\log_{10}[(k_{\mathrm{cat}}/K_{\mathrm{m}})_{\mathrm{2NH-POX}}]$,2.25,-0.04003923789129682
"Tokuriki, et al. 2012 (2NH Shift)",H254R_D233E_F306I_I274S_T172I_S269T_M138I_T199I_L272M_A80V_S111R_A204G,A204G,False,12.0,0.17998649494933736,0.07048372414799577,-0.9375,-0.0607361396156767,$\Delta\log_{10}[(k_{\mathrm{cat}}/K_{\mathrm{m}})_{\mathrm{2NH-POX}}]$,-0.9375,-0.040872924686446654
"Tokuriki, et al. 2012 (2NH Shift)",H254R_D233E_F306I_I274S_T172I_S269T_M138I_T199I_L272M_A80V_S111R_A204G_L130V,L130V,False,13.0,0.08659536435331854,0.3022475201194475,1.25,0.8557337891849817,$\Delta\log_{10}[(k_{\mathrm{cat}}/K_{\mathrm{m}})_{\mathrm{2NH-POX}}]$,1.25,0.5758736550977236
"Tokuriki, et al. 2012 (2NH Shift)",H254R_D233E_F306I_I274S_T172I_S269T_M138I_T199I_L272M_A80V_S111R_A204G_L130V_L271F,L271F,False,14.0,0.07556531572334646,0.029591802818871263,-0.9375,0.7474766517744129,$\Delta\log_{10}[(k_{\mathrm{cat}}/K_{\mathrm{m}})_{\mathrm{2NH-POX}}]$,-0.8749999999999996,0.5030210528060495
"Coelho, et al. 2012 (Trans Isomer)",WT,WT,True,,,,0.0,29.0,Trans isomer percentage,,0.0
"Coelho, et al. 2012 (Trans Isomer)",L182G,L182G,False,,0.9670276164118674,7.70521397941661e-05,-9.4375,41.0,Trans isomer percentage,,0.5196527185776877
"Coelho, et al. 2012 (Trans Isomer)",A329G,A329G,False,,0.9355102510875977,0.004069792858835578,-5.4375,17.0,Trans isomer percentage,,-0.5196527185776877
"Coelho, et al. 2012 (Trans Isomer)",L438F,L438F,False,,0.6217614050641819,0.018775567545922585,-3.5,47.0,Trans isomer percentage,,0.7794790778665316
"Coelho, et al. 2012 (Trans Isomer)",L438Q,L438Q,False,,0.6217614050641819,0.00041480631688418435,-7.3125,47.0,Trans isomer percentage,,0.7794790778665316
"Coelho, et al. 2012 (Trans Isomer)",L438G,L438G,False,,0.6217614050641819,0.0002363495149505009,-7.875,46.0,Trans isomer percentage,,0.7361746846517243
"Coelho, et al. 2012 (Trans Isomer)",L438A,L438A,False,,0.6217614050641819,0.002106560296407195,-5.687499999999999,62.0,Trans isomer percentage,,1.4290449760886412
"Coelho, et al. 2012 (Trans Isomer)",T439A,T439A,False,,0.7912254100671452,0.0025182970408721963,-5.75,9.0,Trans isomer percentage,,-0.8660878642961461
"Coelho, et al. 2012 (Trans Isomer)",T439G,T439G,False,,0.7912254100671452,0.00034081444330036234,-7.75,27.0,Trans isomer percentage,,-0.08660878642961461
"Coelho, et al. 2012 (Trans Isomer)",T439S,T439S,False,,0.7912254100671452,0.2000531128718218,-1.375,8.0,Trans isomer percentage,,-0.9093922575109535
"Coelho, et al. 2012 (Trans Isomer)",T439Q,T439Q,False,,0.7912254100671452,0.00014207259716979552,-8.625,62.0,Trans isomer percentage,,1.4290449760886412
"Coelho, et al. 2012 (Trans Isomer)",T439P,T439P,False,,0.7912254100671452,0.00023423811293745271,-8.125,10.0,Trans isomer percentage,,-0.8227834710813388
"Coelho, et al. 2012 (Trans Isomer)",I264A,I264A,False,,0.1567745973228988,0.006888195076412631,-3.125,81.0,Trans isomer percentage,,2.25182844716998
"Wang, et al. 2014 (TTN)",WT,WT,True,,,,0.0,80.0,Total turnover number (TTN),,0.0
"Wang, et al. 2014 (TTN)",C401A,C401A,False,,0.9997523079072783,6.9605802156608185e-06,-11.875,1600.0,Total turnover number (TTN),,0.5999584530692298
"Wang, et al. 2014 (TTN)",C401H,C401H,False,,0.9997523079072783,7.4094990704242205e-06,-11.8125,7100.0,Total turnover number (TTN),,2.7708607503592058
"Wang, et al. 2014 (TTN)",C401M,C401M,False,,0.9997523079072783,1.0674395481941298e-06,-13.75,1000.0,Total turnover number (TTN),,0.3631327479103233
"Wang, et al. 2014 (TTN)",C401Y,C401Y,False,,0.9997523079072783,3.762854113521047e-05,-10.1875,1000.0,Total turnover number (TTN),,0.3631327479103233
"Wang, et al. 2014 (TTN)",C401S,C401S,False,,0.9997523079072783,4.538868455887256e-05,-10.0,1500.0,Total turnover number (TTN),,0.560487502209412
"Michikawa, et al. 2012 (Promiscuity)",WT,WT,True,,,,0.0,1.0,Max specificity shift,,0.0
"Michikawa, et al. 2012 (Promiscuity)",Y334F,Y334F,False,,0.8394801530907602,0.08848055717084129,-2.25,567.0,Max specificity shift,,1.7947976536984847
"Michikawa, et al. 2012 (Promiscuity)",E45D,E45D,False,,0.9950147143070699,0.002975040122012947,-5.8125,43.0,Max specificity shift,,0.1331828647620783
