assay,n_assayed,n_positive_log_odds,selection_fraction,top_one_percent_precision,top_one_percent_enrichment,top_one_percent_recall,top_one_percent_retained,top_ten_percent_retained,fit_recall_at_1,unfit_recall_at_1,top_one_percent_recall_at_1,top_ten_percent_recall_at_1,best_recall_at_1,fit_recall_at_5,unfit_recall_at_5,top_one_percent_recall_at_5,top_ten_percent_recall_at_5,best_recall_at_5,fit_recall_at_8,unfit_recall_at_8,top_one_percent_recall_at_8,top_ten_percent_recall_at_8,best_recall_at_8,fit_recall_at_10,unfit_recall_at_10,top_one_percent_recall_at_10,top_ten_percent_recall_at_10,best_recall_at_10,fit_recall_at_16,unfit_recall_at_16,top_one_percent_recall_at_16,top_ten_percent_recall_at_16,best_recall_at_16,fit_recall_at_25,unfit_recall_at_25,top_one_percent_recall_at_25,top_ten_percent_recall_at_25,best_recall_at_25,fit_recall_at_32,unfit_recall_at_32,top_one_percent_recall_at_32,top_ten_percent_recall_at_32,best_recall_at_32,fit_recall_at_50,unfit_recall_at_50,top_one_percent_recall_at_50,top_ten_percent_recall_at_50,best_recall_at_50,fit_recall_at_64,unfit_recall_at_64,top_one_percent_recall_at_64,top_ten_percent_recall_at_64,best_recall_at_64,fit_recall_at_100,unfit_recall_at_100,top_one_percent_recall_at_100,top_ten_percent_recall_at_100,best_recall_at_100,fit_recall_at_128,unfit_recall_at_128,top_one_percent_recall_at_128,top_ten_percent_recall_at_128,best_recall_at_128,fit_recall_at_250,unfit_recall_at_250,top_one_percent_recall_at_250,top_ten_percent_recall_at_250,best_recall_at_250,fit_recall_at_256,unfit_recall_at_256,top_one_percent_recall_at_256,top_ten_percent_recall_at_256,best_recall_at_256,fit_recall_at_500,unfit_recall_at_500,top_one_percent_recall_at_500,top_ten_percent_recall_at_500,best_recall_at_500,top_one_percent_hit_at_8,random_top_one_percent_hit_at_8,top_ten_percent_hit_at_8,random_top_ten_percent_hit_at_8,best_hit_at_8,random_best_hit_at_8
A0A1I9GEU1_NEIME_Kennouche_2019,922,42,0.0455531453362256,0.023809523809523808,2.195238095238095,0.1,True,True,0.0,0.002173913043478261,0.0,0.0,0.0,0.0021645021645021645,0.008695652173913044,0.0,0.0,0.0,0.006493506493506494,0.010869565217391304,0.0,0.0,0.0,0.008658008658008658,0.013043478260869565,0.0,0.0,0.0,0.015151515151515152,0.01956521739130435,0.0,0.0,0.0,0.02813852813852814,0.02608695652173913,0.1,0.010752688172043012,0.0,0.0367965367965368,0.03260869565217391,0.1,0.021505376344086023,0.0,0.05844155844155844,0.05,0.1,0.053763440860215055,0.0,0.07142857142857142,0.06739130434782609,0.1,0.06451612903225806,0.0,0.11904761904761904,0.09782608695652174,0.1,0.15053763440860216,0.0,0.15584415584415584,0.12173913043478261,0.1,0.1827956989247312,0.0,0.29004329004329005,0.25217391304347825,0.2,0.3118279569892473,0.0,0.2922077922077922,0.26304347826086955,0.2,0.3118279569892473,0.0,0.5735930735930735,0.5108695652173914,0.7,0.6021505376344086,0.0,False,0.08385138640813028,False,0.5743028304045983,False,0.008676789587852451
A0A247D711_LISMN_Stadelmann_2021,1653,291,0.17604355716878403,0.010309278350515464,1.0024257125530625,0.17647058823529413,True,True,0.0,0.0012091898428053204,0.0,0.0,0.0,0.0036319612590799033,0.0024183796856106408,0.0,0.0,0.0,0.006053268765133172,0.0036275695284159614,0.0,0.0,0.0,0.00847457627118644,0.0036275695284159614,0.0,0.006024096385542169,0.0,0.013317191283292978,0.006045949214026602,0.0,0.018072289156626505,0.0,0.020581113801452784,0.009673518742442563,0.0,0.018072289156626505,0.0,0.024213075060532687,0.014510278113663845,0.0,0.018072289156626505,0.0,0.035108958837772396,0.02539298669891173,0.0,0.024096385542168676,0.0,0.04721549636803874,0.030229746070133012,0.0,0.030120481927710843,0.0,0.06658595641646489,0.05441354292623942,0.0,0.06626506024096386,0.0,0.0811138014527845,0.07376058041112454,0.0,0.08433734939759036,0.0,0.15980629539951574,0.14268440145102781,0.058823529411764705,0.16265060240963855,0.0,0.16585956416464892,0.14389359129383314,0.058823529411764705,0.1746987951807229,0.0,0.3305084745762712,0.27448609431680776,0.17647058823529413,0.3072289156626506,0.0,False,0.07953582462803876,False,0.5719632537829721,False,0.00483968542044777
ADRB2_HUMAN_Jones_2020,7800,917,0.11756410256410256,0.016357688113413305,1.6357688113413305,0.19230769230769232,True,True,0.0,0.0002564102564102564,0.0,0.0,0.0,0.0010256410256410256,0.0002564102564102564,0.0,0.001282051282051282,0.0,0.0015384615384615385,0.0005128205128205128,0.0,0.001282051282051282,0.0,0.0020512820512820513,0.0005128205128205128,0.0,0.002564102564102564,0.0,0.0033333333333333335,0.0007692307692307692,0.0,0.0038461538461538464,0.0,0.004871794871794872,0.0015384615384615385,0.0,0.005128205128205128,0.0,0.005897435897435898,0.002307692307692308,0.0,0.00641025641025641,0.0,0.009743589743589744,0.003076923076923077,0.01282051282051282,0.011538461538461539,0.0,0.01282051282051282,0.0035897435897435897,0.01282051282051282,0.014102564102564103,0.0,0.019230769230769232,0.00641025641025641,0.01282051282051282,0.020512820512820513,0.0,0.02487179487179487,0.007948717948717949,0.01282051282051282,0.026923076923076925,0.0,0.048205128205128206,0.015897435897435898,0.02564102564102564,0.05897435897435897,0.0,0.04948717948717949,0.016153846153846154,0.02564102564102564,0.06153846153846154,0.0,0.09743589743589744,0.03076923076923077,0.10256410256410256,0.12435897435897436,0.0,False,0.07728878529258565,True,0.5697045683042992,False,0.0010256410256409554
AICDA_HUMAN_Gajula_2014_3cycles,209,30,0.14354066985645933,0.0,0.0,0.0,False,True,0.02857142857142857,0.0,0.0,0.047619047619047616,0.0,0.05714285714285714,0.017241379310344827,0.0,0.09523809523809523,0.0,0.05714285714285714,0.034482758620689655,0.0,0.09523809523809523,0.0,0.05714285714285714,0.04597701149425287,0.0,0.09523809523809523,0.0,0.08571428571428572,0.07471264367816093,0.0,0.14285714285714285,0.0,0.08571428571428572,0.12643678160919541,0.0,0.14285714285714285,0.0,0.14285714285714285,0.15517241379310345,0.0,0.19047619047619047,0.0,0.3142857142857143,0.22413793103448276,0.0,0.2857142857142857,0.0,0.45714285714285713,0.27586206896551724,0.0,0.3333333333333333,0.0,0.6,0.4540229885057471,0.6666666666666666,0.47619047619047616,1.0,0.8285714285714286,0.5689655172413793,1.0,0.7619047619047619,1.0,1.0,1.0,1.0,1.0,1.0,1.0,1.0,1.0,1.0,1.0,1.0,1.0,1.0,1.0,1.0,False,0.1110053180991395,True,0.5778912243163592,False,0.03827751196172269
AMIE_PSEAE_Wrenbeck_2017,6227,1072,0.1721535249718966,0.017723880597014924,1.751850864723999,0.30158730158730157,True,True,0.0,0.00032123353678124,0.0,0.0,0.0,0.0006422607578676942,0.0009637006103437199,0.0,0.0032102728731942215,0.0,0.0016056518946692357,0.0009637006103437199,0.0,0.004815409309791332,0.0,0.0019267822736030828,0.00128493414712496,0.0,0.004815409309791332,0.0,0.0032113037893384713,0.0019274012206874397,0.0,0.009630818619582664,0.0,0.005138086062941554,0.0028911018310311598,0.0,0.012841091492776886,0.0,0.006422607578676943,0.0038548024413748794,0.015873015873015872,0.014446227929373997,0.0,0.00899165061014772,0.007067137809187279,0.015873015873015872,0.014446227929373997,0.0,0.012524084778420038,0.008030838419530999,0.031746031746031744,0.01765650080256822,0.0,0.020552344251766216,0.011564407324124639,0.031746031746031744,0.030497592295345103,0.0,0.02569043031470777,0.015419209765499518,0.031746031746031744,0.038523274478330656,0.0,0.04784842646114323,0.032444587214905236,0.09523809523809523,0.07062600321027288,0.0,0.049132947976878616,0.03308705428846771,0.09523809523809523,0.0738362760834671,0.0,0.10083493898522801,0.059749437841310635,0.19047619047619047,0.15409309791332262,1.0,False,0.0781714822570102,True,0.5699323199648143,False,0.0012847277982976912
ANCSZ_Hobbs_2022,4670,311,0.06659528907922913,0.05787781350482315,5.75083806526647,0.3829787234042553,True,True,0.00042826552462526765,0.0,0.0,0.0,0.0,0.0017130620985010706,0.00042826552462526765,0.0,0.004282655246252677,0.0,0.002569593147751606,0.0008565310492505353,0.0,0.004282655246252677,0.0,0.003426124197002141,0.0008565310492505353,0.0,0.004282655246252677,0.0,0.00556745182012848,0.001284796573875803,0.02127659574468085,0.006423982869379015,0.0,0.009421841541755889,0.001284796573875803,0.02127659574468085,0.010706638115631691,0.0,0.011563169164882228,0.0021413276231263384,0.02127659574468085,0.01284796573875803,0.0,0.018843683083511777,0.002569593147751606,0.10638297872340426,0.027837259100642397,0.0,0.024839400428265525,0.002569593147751606,0.2127659574468085,0.042826552462526764,0.0,0.037687366167023555,0.005139186295503212,0.2553191489361702,0.06209850107066381,0.0,0.048394004282655244,0.006423982869379015,0.2553191489361702,0.07066381156316917,0.0,0.08822269807280514,0.018843683083511777,0.3617021276595745,0.11777301927194861,0.0,0.09036402569593148,0.019271948608137045,0.3829787234042553,0.11991434689507495,0.0,0.16488222698072805,0.04925053533190578,0.40425531914893614,0.20342612419700215,0.0,False,0.07779047885695767,True,0.5698197920906463,False,0.0017130620985009726
CAS9_STRP1_Spencer_2017_positive,8117,1515,0.18664531230750278,0.009900990099009901,0.9800772760202849,0.18292682926829268,True,True,0.0,0.0002463661000246366,0.0,0.0,0.0,0.0004928536224741252,0.0007390983000739098,0.0,0.0012315270935960591,0.0,0.0009857072449482504,0.0009854644000985464,0.0,0.0012315270935960591,0.0,0.0009857072449482504,0.0014781966001478197,0.0,0.0012315270935960591,0.0,0.0014785608674223755,0.002463661000246366,0.0,0.0012315270935960591,0.0,0.001971414489896501,0.004188223700418822,0.0,0.0012315270935960591,0.0,0.002957121734844751,0.004927322000492732,0.0,0.0012315270935960591,0.0,0.0046821094135041895,0.007637349100763735,0.012195121951219513,0.003694581280788177,0.0,0.007146377525874815,0.008622813500862282,0.012195121951219513,0.007389162561576354,0.0,0.012567767373090193,0.012071938901207195,0.024390243902439025,0.014778325123152709,0.0,0.01700344997535732,0.01453559990145356,0.036585365853658534,0.020935960591133004,0.0,0.03548546081813701,0.026114806602611482,0.036585365853658534,0.03571428571428571,0.0,0.0362247412518482,0.02685390490268539,0.036585365853658534,0.03694581280788178,0.0,0.0692459339576146,0.05395417590539542,0.04878048780487805,0.07512315270935961,0.0,False,0.07804997010161152,True,0.5698392706249007,False,0.0009855858075643598
CASP3_HUMAN_Roychowdhury_2020,1567,138,0.08806636885768986,0.007246376811594203,0.7096920289855072,0.0625,True,True,0.0012195121951219512,0.0,0.0,0.0,0.0,0.006097560975609756,0.0,0.0,0.0,0.0,0.00853658536585366,0.0013386880856760374,0.0,0.0,0.0,0.00975609756097561,0.002677376171352075,0.0,0.006369426751592357,0.0,0.01707317073170732,0.002677376171352075,0.0,0.012738853503184714,0.0,0.02804878048780488,0.002677376171352075,0.0,0.025477707006369428,0.0,0.03414634146341464,0.00535475234270415,0.0,0.03184713375796178,0.0,0.05609756097560976,0.00535475234270415,0.0625,0.07006369426751592,0.0,0.07073170731707316,0.008032128514056224,0.0625,0.08280254777070063,0.0,0.11097560975609756,0.012048192771084338,0.0625,0.11464968152866242,0.0,0.1378048780487805,0.020080321285140562,0.0625,0.14012738853503184,0.0,0.25609756097560976,0.0535475234270415,0.1875,0.2802547770700637,0.0,0.26097560975609757,0.05622489959839357,0.1875,0.28662420382165604,0.0,0.501219512195122,0.11914323962516733,0.5,0.5732484076433121,0.0,False,0.07899476368216352,False,0.571121842967855,False,0.0051052967453733
CASP7_HUMAN_Roychowdhury_2020,1680,170,0.10119047619047619,0.01764705882352941,1.7439446366782005,0.17647058823529413,True,True,0.0011402508551881414,0.0,0.0,0.005952380952380952,0.0,0.005701254275940707,0.0,0.0,0.017857142857142856,0.0,0.009122006841505131,0.0,0.0,0.023809523809523808,0.0,0.011402508551881414,0.0,0.0,0.02976190476190476,0.0,0.018244013683010263,0.0,0.058823529411764705,0.041666666666666664,0.0,0.028506271379703536,0.0,0.058823529411764705,0.06547619047619048,0.0,0.036488027366020526,0.0,0.058823529411764705,0.07738095238095238,0.0,0.05473204104903079,0.0024906600249066002,0.11764705882352941,0.10714285714285714,0.0,0.06955530216647662,0.0037359900373599006,0.11764705882352941,0.14285714285714285,0.0,0.10490307867730901,0.009962640099626401,0.17647058823529413,0.18452380952380953,0.0,0.13112884834663627,0.0161892901618929,0.17647058823529413,0.23809523809523808,0.0,0.25997719498289623,0.0273972602739726,0.17647058823529413,0.39285714285714285,0.0,0.2668187001140251,0.0273972602739726,0.17647058823529413,0.39285714285714285,0.0,0.49486887115165334,0.0821917808219178,0.23529411764705882,0.5714285714285714,0.0,False,0.07830013258696811,True,0.5703317223489999,False,0.004761904761904856
CCDB_ECOLI_Adkar_2012,1176,59,0.050170068027210885,0.15254237288135594,1.007808036564464,0.05056179775280899,True,True,0.001697792869269949,0.0,0.0,0.0,0.0,0.006791171477079796,0.0017035775127768314,0.0,0.0,0.0,0.008488964346349746,0.005110732538330494,0.0,0.0,0.0,0.011884550084889643,0.005110732538330494,0.0056179775280898875,0.0056179775280898875,0.0056179775280898875,0.022071307300509338,0.005110732538330494,0.0056179775280898875,0.0056179775280898875,0.0056179775280898875,0.03395585738539898,0.008517887563884156,0.016853932584269662,0.016853932584269662,0.016853932584269662,0.042444821731748725,0.01192504258943782,0.016853932584269662,0.016853932584269662,0.016853932584269662,0.06281833616298811,0.022146507666098807,0.0449438202247191,0.0449438202247191,0.0449438202247191,0.08149405772495756,0.027257240204429302,0.056179775280898875,0.056179775280898875,0.056179775280898875,0.1273344651952462,0.04258943781942078,0.09550561797752809,0.09550561797752809,0.09550561797752809,0.16129032258064516,0.056218057921635436,0.11235955056179775,0.11235955056179775,0.11235955056179775,0.3242784380305603,0.10051107325383304,0.3089887640449438,0.3089887640449438,0.3089887640449438,0.3310696095076401,0.10391822827938671,0.3202247191011236,0.3202247191011236,0.3202247191011236,0.5942275042444821,0.2555366269165247,0.6404494382022472,0.6404494382022472,0.6404494382022472,False,0.7321245576189119,False,0.7321245576189119,False,0.7321245576189119
D7PM05_CLYGR_Somermeyer_2022,1169,405,0.34644995722840033,0.012345679012345678,1.2026748971193415,0.4166666666666667,True,True,0.0,0.0037593984962406013,0.0,0.0,0.0,0.0022148394241417496,0.011278195488721804,0.0,0.0,0.0,0.004429678848283499,0.015037593984962405,0.0,0.0,0.0,0.005537098560354375,0.018796992481203006,0.0,0.0,0.0,0.009966777408637873,0.02631578947368421,0.0,0.0,0.0,0.012181616832779624,0.05263157894736842,0.0,0.0,0.0,0.018826135105204873,0.05639097744360902,0.0,0.017094017094017096,0.0,0.03433001107419712,0.07142857142857142,0.0,0.06837606837606838,0.0,0.044296788482835,0.09022556390977443,0.08333333333333333,0.08547008547008547,0.0,0.07419712070874862,0.12406015037593984,0.08333333333333333,0.13675213675213677,0.0,0.09523809523809523,0.15789473684210525,0.25,0.15384615384615385,0.0,0.19601328903654486,0.2744360902255639,0.25,0.27350427350427353,0.0,0.20155038759689922,0.2781954887218045,0.25,0.28205128205128205,0.0,0.4053156146179402,0.5037593984962406,0.5,0.5128205128205128,0.0,False,0.0794605022612268,False,0.5710095012696852,False,0.006843455945252375
ENVZ_ECOLI_Ghose_2023,1121,80,0.07136485280999108,0.0125,1.1677083333333336,0.08333333333333333,True,True,0.0013908205841446453,0.0,0.0,0.008849557522123894,0.0,0.004172461752433936,0.004975124378109453,0.0,0.008849557522123894,0.0,0.006954102920723227,0.007462686567164179,0.0,0.008849557522123894,0.0,0.008344923504867872,0.009950248756218905,0.0,0.008849557522123894,0.0,0.011126564673157162,0.01990049751243781,0.0,0.008849557522123894,0.0,0.013908205841446454,0.03731343283582089,0.0,0.008849557522123894,0.0,0.016689847009735744,0.04975124378109453,0.0,0.017699115044247787,0.0,0.031988873435326845,0.06716417910447761,0.0,0.017699115044247787,0.0,0.04172461752433936,0.0845771144278607,0.0,0.035398230088495575,0.0,0.07093184979137691,0.12189054726368159,0.16666666666666666,0.07079646017699115,0.0,0.09596662030598054,0.14676616915422885,0.16666666666666666,0.10619469026548672,0.0,0.2239221140472879,0.22139303482587064,0.16666666666666666,0.21238938053097345,0.0,0.22948539638386647,0.2263681592039801,0.16666666666666666,0.22123893805309736,0.0,0.4937413073713491,0.36069651741293535,0.5,0.5309734513274337,1.0,False,0.08274611161276424,True,0.5737959829549382,False,0.007136485280999083
GFP_AEQVI_Sarkisyan_2016,1084,380,0.3505535055350554,0.010526315789473684,1.0373205741626794,0.36363636363636365,True,True,0.0010070493454179255,0.0,0.0,0.0,0.0,0.005035246727089627,0.0,0.0,0.009174311926605505,0.0,0.007049345417925478,0.01098901098901099,0.09090909090909091,0.01834862385321101,0.0,0.00906344410876133,0.01098901098901099,0.09090909090909091,0.01834862385321101,0.0,0.015105740181268883,0.01098901098901099,0.09090909090909091,0.01834862385321101,0.0,0.023162134944612285,0.02197802197802198,0.09090909090909091,0.01834862385321101,0.0,0.030211480362537766,0.02197802197802198,0.09090909090909091,0.027522935779816515,0.0,0.044310171198388724,0.06593406593406594,0.09090909090909091,0.045871559633027525,0.0,0.054380664652567974,0.10989010989010989,0.09090909090909091,0.06422018348623854,0.0,0.08761329305135952,0.14285714285714285,0.09090909090909091,0.09174311926605505,0.0,0.11379657603222558,0.16483516483516483,0.18181818181818182,0.14678899082568808,0.0,0.2255790533736153,0.2857142857142857,0.18181818181818182,0.26605504587155965,0.0,0.23061430010070494,0.2967032967032967,0.18181818181818182,0.27522935779816515,0.0,0.46324269889224573,0.43956043956043955,0.36363636363636365,0.5688073394495413,1.0,True,0.07860048357800775,True,0.5728873656272192,False,0.0073800738007381295
HEM3_HUMAN_Loggerenberg_2023,5689,368,0.06468623659694146,0.01358695652173913,1.3560736079328757,0.08771929824561403,True,True,0.0,0.00035198873636043646,0.0,0.0,0.0,0.0014044943820224719,0.00035198873636043646,0.0,0.0,0.0,0.002106741573033708,0.0007039774727208729,0.0,0.0017574692442882249,0.0,0.0028089887640449437,0.0007039774727208729,0.0,0.0035149384885764497,0.0,0.0049157303370786515,0.0007039774727208729,0.0,0.007029876977152899,0.0,0.006671348314606741,0.0021119324181626186,0.0,0.008787346221441126,0.0,0.008426966292134831,0.0028159098908834917,0.0,0.01054481546572935,0.0,0.014044943820224719,0.0035198873636043647,0.017543859649122806,0.01757469244288225,0.0,0.01720505617977528,0.005279831045406547,0.03508771929824561,0.02460456942003515,0.0,0.026334269662921347,0.008799718409010912,0.03508771929824561,0.03163444639718805,0.0,0.033356741573033706,0.011615628299894404,0.05263157894736842,0.03690685413005272,0.0,0.06320224719101124,0.024639211545230553,0.08771929824561403,0.07381370826010544,0.0,0.06425561797752809,0.025695177754311863,0.08771929824561403,0.07381370826010544,0.0,0.11622191011235955,0.05948609644491376,0.10526315789473684,0.14586994727592267,0.0,False,0.07744546786038731,True,0.5698356150780628,False,0.0014062225347157842
KCNE1_HUMAN_Muhammad_2023_function,2315,303,0.13088552915766738,0.019801980198019802,1.91006600660066,0.25,True,True,0.0008438818565400844,0.0,0.0,0.0,0.0,0.002531645569620253,0.0017699115044247787,0.0,0.004310344827586207,0.0,0.004219409282700422,0.002654867256637168,0.0,0.008620689655172414,0.0,0.005063291139240506,0.0035398230088495575,0.0,0.01293103448275862,0.0,0.010126582278481013,0.0035398230088495575,0.0,0.017241379310344827,0.0,0.015189873417721518,0.006194690265486726,0.0,0.02586206896551724,0.0,0.019409282700421943,0.007964601769911504,0.041666666666666664,0.034482758620689655,0.0,0.032067510548523206,0.010619469026548672,0.041666666666666664,0.0603448275862069,0.0,0.04219409282700422,0.012389380530973451,0.041666666666666664,0.06465517241379311,0.0,0.06497890295358649,0.020353982300884955,0.125,0.09482758620689655,0.0,0.08523206751054853,0.023893805309734513,0.125,0.125,0.0,0.17468354430379746,0.03805309734513274,0.20833333333333334,0.2025862068965517,0.0,0.1780590717299578,0.03982300884955752,0.20833333333333334,0.20689655172413793,0.0,0.3426160337552743,0.0831858407079646,0.2916666666666667,0.35344827586206895,0.0,False,0.08010638650828628,True,0.5709382366338452,False,0.003455723542116651
KCNJ2_MOUSE_Coyote-Maestas_2022_function,6963,470,0.0674996409593566,0.02127659574468085,2.116413373860182,0.14285714285714285,True,True,0.0002870264064293915,0.0,0.0,0.0014347202295552368,0.0,0.001148105625717566,0.0002874389192296637,0.014285714285714285,0.0028694404591104736,0.0,0.0020091848450057405,0.0002874389192296637,0.014285714285714285,0.0028694404591104736,0.0,0.0025832376578645237,0.0002874389192296637,0.014285714285714285,0.00430416068866571,0.0,0.004305396096440872,0.0002874389192296637,0.014285714285714285,0.005738880918220947,0.0,0.006314580941446613,0.0008623167576889911,0.014285714285714285,0.007173601147776184,0.0,0.007462686567164179,0.0017246335153779822,0.014285714285714285,0.00860832137733142,0.0,0.010332950631458095,0.004024144869215292,0.02857142857142857,0.014347202295552367,0.0,0.012916188289322618,0.0054613394653636104,0.02857142857142857,0.01721664275466284,0.0,0.021526980482204364,0.007185972980741593,0.04285714285714286,0.03012912482065997,0.0,0.027267508610792194,0.009485484334578902,0.04285714285714286,0.03443328550932568,0.0,0.05195177956371986,0.019833285426846797,0.05714285714285714,0.06169296987087518,0.0,0.05309988518943743,0.02040816326530612,0.05714285714285714,0.06312769010043041,0.0,0.1047646383467279,0.038804254096004596,0.14285714285714285,0.11621233859397417,0.0,True,0.07768914813852934,True,0.570109791547476,False,0.0011489300588828355
LGK_LIPST_Klesmith_2015,7890,849,0.10760456273764259,0.028268551236749116,2.787985865724382,0.3,True,True,0.00025348542458808617,0.0,0.0,0.0012674271229404308,0.0,0.0005069708491761723,0.0007604562737642585,0.0,0.0012674271229404308,0.0,0.0010139416983523447,0.0010139416983523447,0.0,0.0025348542458808617,0.0,0.001520912547528517,0.0010139416983523447,0.0,0.0025348542458808617,0.0,0.0025348542458808617,0.001520912547528517,0.0,0.0025348542458808617,0.0,0.003548795944233207,0.002788339670468948,0.0125,0.0038022813688212928,0.0,0.004816223067173638,0.0032953105196451204,0.0125,0.005069708491761723,0.0,0.008365019011406844,0.004309252217997465,0.0125,0.010139416983523447,0.0,0.011153358681875792,0.005069708491761723,0.0125,0.012674271229404309,0.0,0.017997465145754118,0.007351077313054499,0.0375,0.022813688212927757,0.0,0.02332065906210393,0.009125475285171103,0.0375,0.032953105196451206,0.0,0.04283903675538656,0.02053231939163498,0.05,0.06337135614702155,0.0,0.043599493029150824,0.02129277566539924,0.05,0.06590621039290241,0.0,0.08694550063371356,0.03979721166032953,0.1625,0.12801013941698353,0.0,False,0.078327885188336,True,0.5697026079309642,False,0.0010139416983525606
MET_HUMAN_Estevam_2023,5393,416,0.07713702948266271,0.021634615384615384,2.160657051282051,0.16666666666666666,True,True,0.00030441400304414006,0.0,0.0,0.0,0.0,0.0012176560121765602,0.0004743833017077799,0.0,0.0,0.0,0.0018264840182648401,0.0009487666034155598,0.0,0.001851851851851852,0.0,0.00213089802130898,0.0014231499051233396,0.0,0.001851851851851852,0.0,0.0039573820395738205,0.0014231499051233396,0.018518518518518517,0.003703703703703704,0.0,0.006392694063926941,0.0018975332068311196,0.018518518518518517,0.005555555555555556,0.0,0.00821917808219178,0.0023719165085388993,0.018518518518518517,0.007407407407407408,0.0,0.0136986301369863,0.0023719165085388993,0.018518518518518517,0.012962962962962963,0.0,0.017351598173515982,0.003320683111954459,0.018518518518518517,0.014814814814814815,0.0,0.027092846270928464,0.005218216318785579,0.018518518518518517,0.02962962962962963,0.0,0.03561643835616438,0.005218216318785579,0.037037037037037035,0.03888888888888889,0.0,0.06879756468797564,0.011385199240986717,0.12962962962962962,0.08518518518518518,0.0,0.07062404870624049,0.011385199240986717,0.14814814814814814,0.08703703703703704,0.0,0.13972602739726028,0.019449715370018977,0.18518518518518517,0.17222222222222222,0.0,False,0.0774005795498467,True,0.570277765404581,False,0.0014834044131282198
NPC1_HUMAN_Erwood_2022_HEK293T,637,84,0.13186813186813187,0.047619047619047616,4.333333333333333,0.5714285714285714,True,True,0.004149377593360996,0.0,0.0,0.015625,0.0,0.02074688796680498,0.0,0.0,0.046875,0.0,0.03319502074688797,0.0,0.0,0.046875,0.0,0.04149377593360996,0.0,0.0,0.0625,0.0,0.058091286307053944,0.005050505050505051,0.0,0.109375,0.0,0.08713692946058091,0.010101010101010102,0.2857142857142857,0.171875,0.0,0.1078838174273859,0.015151515151515152,0.42857142857142855,0.234375,0.0,0.16597510373443983,0.025252525252525252,0.5714285714285714,0.34375,0.0,0.2033195020746888,0.03787878787878788,0.5714285714285714,0.421875,0.0,0.34024896265560167,0.045454545454545456,0.7142857142857143,0.5625,0.0,0.4315352697095436,0.06060606060606061,0.8571428571428571,0.625,1.0,0.7468879668049793,0.17676767676767677,0.8571428571428571,0.828125,1.0,0.7634854771784232,0.18181818181818182,0.8571428571428571,0.84375,1.0,1.0,0.6540404040404041,1.0,1.0,1.0,False,0.08505468386507475,True,0.5734484949050204,False,0.012558869701726927
NPC1_HUMAN_Erwood_2022_RPE1,63,10,0.15873015873015872,0.0,0.0,0.0,False,True,0.030303030303030304,0.0,0.0,0.0,0.0,0.09090909090909091,0.06666666666666667,0.0,0.14285714285714285,0.0,0.09090909090909091,0.16666666666666666,0.0,0.14285714285714285,0.0,0.12121212121212122,0.2,0.0,0.2857142857142857,0.0,0.30303030303030304,0.2,1.0,0.5714285714285714,1.0,0.5454545454545454,0.23333333333333334,1.0,0.7142857142857143,1.0,0.7272727272727273,0.26666666666666666,1.0,1.0,1.0,0.9393939393939394,0.6333333333333333,1.0,1.0,1.0,1.0,1.0,1.0,1.0,1.0,1.0,1.0,1.0,1.0,1.0,1.0,1.0,1.0,1.0,1.0,1.0,1.0,1.0,1.0,1.0,1.0,1.0,1.0,1.0,1.0,1.0,1.0,1.0,1.0,1.0,False,0.1269841269841272,True,0.6332216117054938,False,0.1269841269841272
OTC_HUMAN_Lo_2023,1570,105,0.06687898089171974,0.047619047619047616,4.6726190476190474,0.3125,True,True,0.001277139208173691,0.0,0.0,0.006329113924050633,0.0,0.006385696040868455,0.0,0.0,0.0189873417721519,0.0,0.010217113665389528,0.0,0.0,0.0379746835443038,0.0,0.01277139208173691,0.0,0.0,0.04430379746835443,0.0,0.020434227330779056,0.0,0.0,0.06329113924050633,0.0,0.0280970625798212,0.0038119440914866584,0.0,0.08227848101265822,0.0,0.037037037037037035,0.0038119440914866584,0.0,0.08227848101265822,0.0,0.06002554278416347,0.0038119440914866584,0.125,0.13924050632911392,0.0,0.07662835249042145,0.005082592121982211,0.1875,0.18354430379746836,0.0,0.1136653895274585,0.01397712833545108,0.3125,0.2848101265822785,0.0,0.14687100893997446,0.016518424396442185,0.3125,0.33544303797468356,0.0,0.27586206896551724,0.043202033036848796,0.3125,0.4620253164556962,0.0,0.2822477650063857,0.044472681067344345,0.3125,0.47468354430379744,0.0,0.5172413793103449,0.1207115628970775,0.3125,0.6012658227848101,0.0,False,0.07884886035803629,True,0.5728201722963064,False,0.005095541401273884
OXDA_RHOTO_Vanella_2023_activity,6396,719,0.11241400875547217,0.02364394993045897,2.3629172461752432,0.265625,True,True,0.00016353229762878168,0.0,0.0,0.0,0.0,0.0008176614881439084,0.0,0.0,0.0015625,0.0,0.0013082583810302534,0.0,0.0,0.0046875,0.0,0.001635322976287817,0.0,0.0,0.00625,0.0,0.0024529844644317253,0.0035587188612099642,0.0,0.009375,0.0,0.003924775143090761,0.0035587188612099642,0.0,0.0125,0.0,0.005069501226492232,0.0035587188612099642,0.0,0.0125,0.0,0.0076860179885527395,0.010676156583629894,0.0,0.0203125,0.0,0.009975470155355683,0.010676156583629894,0.0,0.025,0.0,0.015862632869991823,0.010676156583629894,0.015625,0.0359375,0.0,0.02044153720359771,0.010676156583629894,0.046875,0.0484375,0.0,0.040228945216680294,0.014234875444839857,0.125,0.0875,0.0,0.04121013900245298,0.014234875444839857,0.125,0.090625,0.0,0.08013082583810302,0.03558718861209965,0.21875,0.15,1.0,False,0.07734279522842569,True,0.5699815665634516,False,0.0012507817385865039
PAI1_HUMAN_Huttinger_2021,5345,685,0.12815715622076707,0.014598540145985401,1.444985131116518,0.18518518518518517,True,True,0.0003904724716907458,0.0,0.0,0.0,0.0,0.0015618898867629833,0.00035919540229885057,0.0,0.003738317757009346,0.0,0.001952362358453729,0.0010775862068965517,0.0,0.003738317757009346,0.0,0.002733307301835221,0.0010775862068965517,0.0,0.005607476635514018,0.0,0.004685669660288949,0.0014367816091954023,0.037037037037037035,0.011214953271028037,0.0,0.00741897696212417,0.0021551724137931034,0.05555555555555555,0.016822429906542057,0.0,0.009371339320577899,0.0028735632183908046,0.05555555555555555,0.018691588785046728,0.0,0.01483795392424834,0.004310344827586207,0.05555555555555555,0.028037383177570093,0.0,0.019133151112846546,0.005387931034482759,0.05555555555555555,0.03364485981308411,0.0,0.031237797735259663,0.007183908045977011,0.07407407407407407,0.04299065420560748,0.0,0.039437719640765326,0.009698275862068966,0.09259259259259259,0.056074766355140186,0.0,0.07458024209293244,0.021192528735632182,0.09259259259259259,0.102803738317757,0.0,0.07653260445138618,0.021551724137931036,0.09259259259259259,0.10467289719626169,0.0,0.14798906677079265,0.04346264367816092,0.14814814814814814,0.20186915887850468,0.0,False,0.07807164024578539,True,0.5701413838490729,False,0.0014967259120672871
PHOT_CHLRE_Chen_2023,2122,79,0.03722902921771913,0.012658227848101266,1.2209436133486766,0.045454545454545456,True,True,0.0005470459518599562,0.0,0.0,0.0,0.0,0.002735229759299781,0.0,0.0,0.009389671361502348,0.0,0.00437636761487965,0.0,0.0,0.009389671361502348,0.0,0.005470459518599562,0.0,0.0,0.009389671361502348,0.0,0.0087527352297593,0.0,0.0,0.023474178403755867,0.0,0.013676148796498906,0.0,0.045454545454545456,0.03755868544600939,0.0,0.0175054704595186,0.0,0.045454545454545456,0.046948356807511735,0.0,0.02735229759299781,0.0,0.045454545454545456,0.06572769953051644,0.0,0.0350109409190372,0.0,0.045454545454545456,0.07511737089201878,0.0,0.05470459518599562,0.0,0.045454545454545456,0.107981220657277,0.0,0.0700218818380744,0.0,0.045454545454545456,0.1267605633802817,0.0,0.1362144420131291,0.003401360544217687,0.18181818181818182,0.2347417840375587,0.0,0.13949671772428884,0.003401360544217687,0.18181818181818182,0.23943661971830985,0.0,0.2724288840262582,0.006802721088435374,0.45454545454545453,0.43661971830985913,0.0,False,0.08012006819509421,True,0.5716059813463312,False,0.0037700282752120007
PPARG_HUMAN_Majithia_2016,9576,1274,0.13304093567251463,0.016483516483516484,1.6442307692307694,0.21875,True,True,0.00013303179459890914,0.0,0.0,0.0,0.0,0.0006651589729945457,0.0,0.0,0.0,0.0,0.0010642543567912731,0.0,0.0,0.0,0.0,0.0013303179459890914,0.0,0.0,0.0010427528675703858,0.0,0.001995476918983637,0.00048567265662943174,0.0,0.0010427528675703858,0.0,0.0031927630703738196,0.00048567265662943174,0.0,0.0010427528675703858,0.0,0.004123985632566184,0.00048567265662943174,0.0,0.0010427528675703858,0.0,0.006518557935346548,0.00048567265662943174,0.0,0.004171011470281543,0.0,0.008381003059731275,0.00048567265662943174,0.0,0.005213764337851929,0.0,0.013037115870693096,0.0009713453132588635,0.010416666666666666,0.010427528675703858,0.0,0.01662897432486364,0.0014570179698882952,0.010416666666666666,0.01564129301355579,0.0,0.032326726087534924,0.003399708596406022,0.03125,0.04275286757038582,0.0,0.033124916855128375,0.003399708596406022,0.03125,0.043795620437956206,0.0,0.06438738858587202,0.007770762506070908,0.0625,0.08342022940563086,0.0,False,0.07746950005917652,False,0.5702318361779433,False,0.0008354218880535225
PTEN_HUMAN_Mighell_2018,7260,743,0.10234159779614325,0.02826379542395693,2.810892531204484,0.2876712328767123,True,True,0.00018590816136828406,0.0,0.0,0.0,0.0,0.0009295408068414204,0.0,0.0,0.0,0.0,0.0014872652909462725,0.0,0.0,0.0013774104683195593,0.0,0.0018590816136828407,0.0,0.0,0.0013774104683195593,0.0,0.002974530581892545,0.0,0.0,0.005509641873278237,0.0,0.004461795872838818,0.000531632110579479,0.0,0.011019283746556474,0.0,0.005577244841048522,0.001063264221158958,0.0,0.013774104683195593,0.0,0.00873768358430935,0.001594896331738437,0.0,0.01928374655647383,0.0,0.011340397843465327,0.001594896331738437,0.0273972602739726,0.026170798898071626,0.0,0.01784718349135527,0.002126528442317916,0.0410958904109589,0.03443526170798898,0.0,0.02286670384829894,0.002658160552897395,0.0684931506849315,0.0440771349862259,0.0,0.04350250976017847,0.008506113769271665,0.1506849315068493,0.07988980716253444,0.0,0.04443205056701989,0.009037745879851143,0.1506849315068493,0.07988980716253444,0.0,0.08570366239077895,0.02073365231259968,0.2465753424657534,0.13085399449035812,0.0,False,0.07770220898278124,True,0.5697173517582803,False,0.001101928374655614
Q59976_STRSQ_Romero_2015,2999,213,0.07102367455818606,0.03286384976525822,3.2852895148669803,0.23333333333333334,True,True,0.0005063291139240507,0.0,0.0,0.0033333333333333335,0.0,0.002531645569620253,0.0,0.0,0.006666666666666667,0.0,0.004050632911392405,0.0,0.0,0.006666666666666667,0.0,0.005063291139240506,0.0,0.0,0.01,0.0,0.00810126582278481,0.0,0.0,0.016666666666666666,0.0,0.012151898734177215,0.0009765625,0.06666666666666667,0.02666666666666667,0.0,0.015189873417721518,0.001953125,0.06666666666666667,0.03,0.0,0.02379746835443038,0.0029296875,0.1,0.04,0.0,0.030886075949367087,0.0029296875,0.13333333333333333,0.06,0.0,0.04607594936708861,0.0087890625,0.2,0.09333333333333334,0.0,0.06025316455696202,0.0087890625,0.2,0.12,0.0,0.12050632911392405,0.01171875,0.26666666666666666,0.25333333333333335,0.0,0.12354430379746835,0.01171875,0.26666666666666666,0.25666666666666665,0.0,0.2369620253164557,0.03125,0.4,0.39,1.0,False,0.0773673593977392,True,0.5701075092188381,False,0.002667555851950887
Q6WV12_9MAXI_Somermeyer_2022,1141,431,0.37773882559158634,0.002320185614849188,0.22061098221191028,0.08333333333333333,True,True,0.0017513134851138354,0.0,0.0,0.0,0.0,0.0035026269702276708,0.005263157894736842,0.0,0.0,0.0,0.005253940455341506,0.008771929824561403,0.0,0.0,0.0,0.005253940455341506,0.012280701754385965,0.0,0.0,0.0,0.014010507880910683,0.014035087719298246,0.0,0.0,0.0,0.024518388791593695,0.01929824561403509,0.0,0.008695652173913044,0.0,0.03152364273204904,0.02456140350877193,0.0,0.008695652173913044,0.0,0.04553415061295972,0.042105263157894736,0.0,0.043478260869565216,0.0,0.05779334500875657,0.054385964912280704,0.0,0.06086956521739131,0.0,0.0893169877408056,0.08596491228070176,0.0,0.13043478260869565,0.0,0.11033274956217162,0.11403508771929824,0.0,0.14782608695652175,0.0,0.2084063047285464,0.22982456140350876,0.0,0.2782608695652174,0.0,0.2171628721541156,0.23157894736842105,0.0,0.2956521739130435,0.0,0.44833625218914186,0.4280701754385965,0.25,0.4608695652173913,0.0,False,0.08134466615764813,False,0.5737213162252248,False,0.007011393514461117
Q837P4_ENTFA_Meier_2023,697,65,0.09325681492109039,0.015384615384615385,1.531868131868132,0.14285714285714285,True,True,0.0030303030303030303,0.0,0.0,0.0,0.0,0.012121212121212121,0.0027247956403269754,0.0,0.04285714285714286,0.0,0.01818181818181818,0.005449591280653951,0.0,0.04285714285714286,0.0,0.01818181818181818,0.010899182561307902,0.0,0.04285714285714286,0.0,0.03333333333333333,0.013623978201634877,0.0,0.05714285714285714,0.0,0.05454545454545454,0.01907356948228883,0.14285714285714285,0.08571428571428572,1.0,0.07272727272727272,0.021798365122615803,0.14285714285714285,0.11428571428571428,1.0,0.12121212121212122,0.027247956403269755,0.14285714285714285,0.21428571428571427,1.0,0.15151515151515152,0.03814713896457766,0.14285714285714285,0.24285714285714285,1.0,0.21818181818181817,0.07629427792915532,0.14285714285714285,0.3,1.0,0.26666666666666666,0.10899182561307902,0.14285714285714285,0.38571428571428573,1.0,0.503030303030303,0.22888283378746593,0.7142857142857143,0.6428571428571429,1.0,0.5121212121212121,0.23705722070844687,0.7142857142857143,0.6428571428571429,1.0,0.8909090909090909,0.5613079019073569,1.0,0.9285714285714286,1.0,False,0.07795478029126346,True,0.5731105301171306,False,0.011477761836441891
Q837P5_ENTFA_Meier_2023,747,42,0.05622489959839357,0.023809523809523808,2.2232142857142856,0.125,True,True,0.0,0.0025380710659898475,0.0,0.0,0.0,0.0084985835694051,0.005076142131979695,0.0,0.0,0.0,0.0113314447592068,0.01015228426395939,0.0,0.013333333333333334,0.0,0.0169971671388102,0.01015228426395939,0.0,0.02666666666666667,0.0,0.025495750708215296,0.017766497461928935,0.0,0.04,0.0,0.042492917847025496,0.025380710659898477,0.0,0.06666666666666667,0.0,0.053824362606232294,0.03299492385786802,0.0,0.06666666666666667,0.0,0.07932011331444759,0.05583756345177665,0.125,0.12,0.0,0.11048158640226628,0.06345177664974619,0.125,0.14666666666666667,0.0,0.1813031161473088,0.09137055837563451,0.375,0.28,0.0,0.22662889518413598,0.1218274111675127,0.375,0.3466666666666667,0.0,0.42776203966005666,0.2512690355329949,0.625,0.5866666666666667,0.0,0.43626062322946174,0.25888324873096447,0.625,0.6,0.0,0.7705382436260623,0.5786802030456852,1.0,0.92,1.0,False,0.08290722338977419,True,0.572870467635292,False,0.010709504685408433
Q8WTC7_9CNID_Somermeyer_2022,1201,438,0.3646960865945046,0.0136986301369863,1.2655426765015805,0.46153846153846156,True,True,0.0010141987829614604,0.0,0.0,0.0,0.0,0.005070993914807302,0.0,0.0,0.0,0.0,0.008113590263691683,0.0,0.0,0.0,0.0,0.010141987829614604,0.0,0.0,0.0,0.0,0.013184584178498986,0.013953488372093023,0.0,0.0,0.0,0.02028397565922921,0.023255813953488372,0.07692307692307693,0.008264462809917356,0.0,0.02636916835699797,0.027906976744186046,0.07692307692307693,0.008264462809917356,0.0,0.04056795131845842,0.046511627906976744,0.07692307692307693,0.008264462809917356,0.0,0.05070993914807302,0.06511627906976744,0.07692307692307693,0.01652892561983471,0.0,0.07505070993914807,0.12093023255813953,0.07692307692307693,0.049586776859504134,0.0,0.09634888438133875,0.15348837209302327,0.07692307692307693,0.05785123966942149,0.0,0.19371196754563894,0.2744186046511628,0.15384615384615385,0.18181818181818182,0.0,0.19878296146044624,0.27906976744186046,0.15384615384615385,0.18181818181818182,0.0,0.39148073022312374,0.5302325581395348,0.6153846153846154,0.4462809917355372,0.0,False,0.08361873129764241,False,0.5735122254091316,False,0.006661115736886103
RASH_HUMAN_Bandaru_2017,3134,8,0.0025526483726866626,0.0,0.0,0.0,False,False,0.0004589261128958238,0.0,0.0,0.0,0.0,0.002294630564479119,0.0,0.0,0.0,0.0,0.0036714089031665903,0.0,0.0,0.0,0.0,0.004589261128958238,0.0,0.0,0.0,0.0,0.0073428178063331805,0.0,0.0,0.0,0.0,0.011473152822395595,0.0,0.0,0.0,0.0,0.014685635612666361,0.0,0.0,0.0,0.0,0.02294630564479119,0.0,0.0,0.0031847133757961785,0.0,0.029371271225332722,0.0,0.0,0.009554140127388535,0.0,0.045433685176686556,0.0010471204188481676,0.0,0.01592356687898089,0.0,0.0578246902248738,0.0020942408376963353,0.0,0.01592356687898089,0.0,0.11335474988526847,0.0031413612565445027,0.0625,0.041401273885350316,0.0,0.11610830656264341,0.0031413612565445027,0.0625,0.044585987261146494,0.0,0.22441486920605783,0.011518324607329843,0.15625,0.12738853503184713,1.0,False,0.07890946496052353,False,0.5706928115184855,False,0.002552648372686761
RL40A_YEAST_Roscoe_2014,1380,2,0.0014492753623188406,0.0,0.0,0.0,False,True,0.0009727626459143969,0.0,0.0,0.0,0.0,0.0048638132295719845,0.0,0.0,0.007246376811594203,0.0,0.007782101167315175,0.0,0.0,0.014492753623188406,0.0,0.009727626459143969,0.0,0.0,0.014492753623188406,0.0,0.01556420233463035,0.0,0.0,0.028985507246376812,0.0,0.024319066147859923,0.0,0.0,0.036231884057971016,0.0,0.0311284046692607,0.0,0.0,0.036231884057971016,0.0,0.048638132295719845,0.0,0.0,0.050724637681159424,0.0,0.0622568093385214,0.0,0.0,0.057971014492753624,0.0,0.09727626459143969,0.0,0.07142857142857142,0.08695652173913043,0.0,0.12159533073929961,0.008522727272727272,0.07142857142857142,0.10144927536231885,0.0,0.23054474708171208,0.036931818181818184,0.07142857142857142,0.2246376811594203,0.0,0.23540856031128404,0.03977272727272727,0.07142857142857142,0.2318840579710145,0.0,0.41147859922178986,0.21875,0.14285714285714285,0.4420289855072464,0.0,False,0.07852774726211076,True,0.5705058734540351,False,0.005797101449275144
RNC_ECOLI_Weeks_2023,4277,204,0.04769698386719663,0.014705882352941176,1.4627222982216141,0.06976744186046512,True,True,0.00044483985765124553,0.0,0.0,0.002336448598130841,0.0,0.002224199288256228,0.0,0.0,0.002336448598130841,0.0,0.0035587188612099642,0.0,0.023255813953488372,0.004672897196261682,0.0,0.00400355871886121,0.0004928536224741252,0.023255813953488372,0.004672897196261682,0.0,0.0066725978647686835,0.0004928536224741252,0.046511627906976744,0.007009345794392523,0.0,0.009786476868327402,0.0014785608674223755,0.046511627906976744,0.009345794392523364,0.0,0.01201067615658363,0.0024642681123706258,0.046511627906976744,0.009345794392523364,0.0,0.018238434163701068,0.004435682602267127,0.06976744186046512,0.014018691588785047,0.0,0.02402135231316726,0.0049285362247412515,0.06976744186046512,0.018691588785046728,0.0,0.03870106761565836,0.006407097092163627,0.06976744186046512,0.03271028037383177,0.0,0.04937722419928826,0.008378511582060127,0.06976744186046512,0.037383177570093455,0.0,0.09519572953736655,0.017742730409068506,0.06976744186046512,0.07242990654205607,0.0,0.09786476868327403,0.017742730409068506,0.06976744186046512,0.07476635514018691,0.0,0.18861209964412812,0.037456875308033516,0.06976744186046512,0.1705607476635514,0.0,True,0.07771760532693606,True,0.5701145542745416,False,0.0018704699555762705
RPC1_LAMBD_Li_2019_high-expression,351,31,0.08831908831908832,0.06451612903225806,5.661290322580645,0.5,True,True,0.004081632653061225,0.0,0.0,0.0,0.0,0.02040816326530612,0.0,0.0,0.0,0.0,0.0326530612244898,0.0,0.0,0.05555555555555555,0.0,0.04081632653061224,0.0,0.0,0.05555555555555555,0.0,0.0653061224489796,0.0,0.25,0.08333333333333333,0.0,0.10204081632653061,0.0,0.5,0.1388888888888889,1.0,0.1306122448979592,0.0,0.5,0.1388888888888889,1.0,0.20408163265306123,0.0,0.5,0.19444444444444445,1.0,0.2571428571428571,0.009433962264150943,0.5,0.19444444444444445,1.0,0.4,0.018867924528301886,0.5,0.4166666666666667,1.0,0.5142857142857142,0.018867924528301886,0.75,0.6111111111111112,1.0,0.8979591836734694,0.2830188679245283,1.0,0.9722222222222222,1.0,0.9142857142857143,0.3018867924528302,1.0,1.0,1.0,1.0,1.0,1.0,1.0,1.0,False,0.0884642830300374,True,0.583123446891797,False,0.02279202279202286
RPC1_LAMBD_Li_2019_low-expression,351,31,0.08831908831908832,0.03225806451612903,2.8306451612903225,0.25,True,True,0.005714285714285714,0.0,0.0,0.0,0.0,0.02857142857142857,0.0,0.0,0.05555555555555555,0.0,0.04,0.005681818181818182,0.0,0.1111111111111111,0.0,0.05142857142857143,0.005681818181818182,0.0,0.1111111111111111,0.0,0.07428571428571429,0.017045454545454544,0.25,0.19444444444444445,1.0,0.10857142857142857,0.03409090909090909,0.25,0.2222222222222222,1.0,0.14285714285714285,0.03977272727272727,0.25,0.2777777777777778,1.0,0.22285714285714286,0.0625,0.25,0.3333333333333333,1.0,0.2914285714285714,0.07386363636363637,0.25,0.4166666666666667,1.0,0.44,0.13068181818181818,0.25,0.5277777777777778,1.0,0.5485714285714286,0.18181818181818182,0.5,0.6388888888888888,1.0,0.9257142857142857,0.5,1.0,0.9166666666666666,1.0,0.9371428571428572,0.5227272727272727,1.0,0.9444444444444444,1.0,1.0,1.0,1.0,1.0,1.0,False,0.0884642830300374,True,0.583123446891797,False,0.02279202279202286
S22A1_HUMAN_Yee_2023_activity,10094,906,0.08975629086586091,0.02759381898454746,2.7577426616833867,0.24752475247524752,True,True,0.00013475272874275703,0.0,0.0,0.0,0.0,0.0006737636437137853,0.0,0.0,0.0,0.0,0.0009432691011992993,0.0003741114852225963,0.0,0.0009900990099009901,0.0,0.0012127745586848133,0.0003741114852225963,0.0,0.0009900990099009901,0.0,0.0020212909311413557,0.0003741114852225963,0.0,0.0029702970297029703,0.0,0.003234065489826169,0.0003741114852225963,0.0,0.0049504950495049506,0.0,0.004177334591025469,0.0003741114852225963,0.0,0.006930693069306931,0.0,0.006602883708395095,0.0003741114852225963,0.0,0.01089108910891089,0.0,0.008489421910793694,0.0003741114852225963,0.009900990099009901,0.01485148514851485,0.0,0.013340520145532947,0.0003741114852225963,0.019801980198019802,0.02574257425742574,0.0,0.017113596550330144,0.0003741114852225963,0.019801980198019802,0.028712871287128714,0.0,0.033283923999460986,0.001122334455667789,0.039603960396039604,0.04950495049504951,0.0,0.03409244037191753,0.001122334455667789,0.04950495049504951,0.05148514851485148,0.0,0.06629834254143646,0.0029928918817807705,0.13861386138613863,0.10693069306930693,0.0,False,0.07732550874465993,True,0.5698929243848505,False,0.0007925500297208954
SC6A4_HUMAN_Young_2021,11576,1049,0.09061852107809261,0.020972354623450904,2.0928963544919625,0.1896551724137931,True,True,0.00017277125086385625,0.0,0.0,0.0,0.0,0.000691085003455425,0.00017277125086385625,0.0,0.0008635578583765112,0.0,0.0010366275051831375,0.0003455425017277125,0.0,0.0008635578583765112,0.0,0.0010366275051831375,0.000691085003455425,0.0,0.0008635578583765112,0.0,0.002073255010366275,0.000691085003455425,0.0,0.0034542314335060447,0.0,0.0031098825155494126,0.0012093987560469939,0.0,0.0051813471502590676,0.0,0.00414651002073255,0.00138217000691085,0.0,0.006044905008635579,0.0,0.006910850034554251,0.0017277125086385626,0.0,0.008635578583765112,0.0,0.008984105044920525,0.002073255010366275,0.0,0.011226252158894647,0.0,0.014685556323427782,0.002591568762957844,0.0,0.015544041450777202,0.0,0.019004837595024186,0.0031098825155494126,0.0,0.023316062176165803,0.0,0.03628196268140981,0.006910850034554251,0.034482758620689655,0.05008635578583765,0.0,0.03731859018659295,0.006910850034554251,0.034482758620689655,0.05094991364421416,0.0,0.07342778161713891,0.012957843814789219,0.07758620689655173,0.09499136442141623,0.0,False,0.07743248471040542,True,0.5697807261837069,False,0.0006910850034554938
SRC_HUMAN_Ahler_2019,3372,56,0.0166073546856465,0.0,0.0,0.0,False,True,0.0004450378282153983,0.0,0.0,0.0,0.0,0.0022251891410769915,0.0,0.0,0.005917159763313609,0.0,0.0035603026257231864,0.0,0.0,0.005917159763313609,0.0,0.004450378282153983,0.0,0.0,0.005917159763313609,0.0,0.006675567423230975,0.0008888888888888889,0.0,0.008875739644970414,0.0,0.010680907877169559,0.0008888888888888889,0.0,0.014792899408284023,0.0,0.013796172674677348,0.0008888888888888889,0.0,0.01775147928994083,0.0,0.021806853582554516,0.0008888888888888889,0.0,0.023668639053254437,0.0,0.028037383177570093,0.0008888888888888889,0.0,0.026627218934911243,0.0,0.042723631508678236,0.0035555555555555557,0.0,0.038461538461538464,0.0,0.05473965287049399,0.0044444444444444444,0.0,0.05029585798816568,0.0,0.1059190031152648,0.010666666666666666,0.08823529411764706,0.08284023668639054,0.0,0.10858923008455719,0.010666666666666666,0.08823529411764706,0.08284023668639054,0.0,0.2113929684023142,0.022222222222222223,0.14705882352941177,0.13609467455621302,0.0,False,0.07795239511417351,True,0.5708375618154696,False,0.0023724792408065243
SRC_HUMAN_Chakraborty_2023_binding-DAS_25uM,3637,62,0.01704701677206489,0.0,0.0,0.0,False,True,0.0005293806246691371,0.0,0.0,0.0,0.0,0.0021175224986765486,0.0005720823798627002,0.0,0.0,0.0,0.0037056643726839597,0.0005720823798627002,0.0,0.005494505494505495,0.0,0.0037056643726839597,0.0017162471395881006,0.0,0.005494505494505495,0.0,0.005823186871360508,0.002860411899313501,0.0,0.01098901098901099,0.0,0.010058231868713605,0.003432494279176201,0.0,0.013736263736263736,0.0,0.01270513499205929,0.004576659038901602,0.0,0.016483516483516484,0.0,0.019587083112758072,0.007437070938215103,0.0,0.019230769230769232,0.0,0.02593965060878772,0.008581235697940504,0.0,0.019230769230769232,0.0,0.04182106934886183,0.012013729977116704,0.0,0.03571428571428571,0.0,0.05399682371625199,0.014874141876430207,0.02702702702702703,0.04945054945054945,0.0,0.10799364743250398,0.02631578947368421,0.10810810810810811,0.08241758241758242,0.0,0.1111699311805188,0.02631578947368421,0.10810810810810811,0.08516483516483517,0.0,0.2154579142403388,0.05320366132723112,0.16216216216216217,0.12362637362637363,0.0,False,0.07861913950013377,True,0.570216978295121,False,0.0021996150673633252
UBE4B_MOUSE_Starita_2013,899,69,0.07675194660734148,0.0,0.0,0.0,False,True,0.001326259946949602,0.0,0.0,0.0,0.0,0.006631299734748011,0.0,0.0,0.0,0.0,0.010610079575596816,0.0,0.0,0.0,0.0,0.013262599469496022,0.0,0.0,0.011111111111111112,0.0,0.021220159151193633,0.0,0.0,0.011111111111111112,0.0,0.033156498673740056,0.0,0.0,0.03333333333333333,0.0,0.04111405835543767,0.006896551724137931,0.0,0.044444444444444446,0.0,0.0649867374005305,0.006896551724137931,0.0,0.05555555555555555,0.0,0.08355437665782493,0.006896551724137931,0.0,0.07777777777777778,0.0,0.1312997347480106,0.006896551724137931,0.1111111111111111,0.16666666666666666,0.0,0.16710875331564987,0.013793103448275862,0.2222222222222222,0.18888888888888888,0.0,0.3222811671087533,0.04827586206896552,0.7777777777777778,0.35555555555555557,1.0,0.3302387267904509,0.04827586206896552,0.7777777777777778,0.35555555555555557,1.0,0.6312997347480106,0.16551724137931034,0.7777777777777778,0.6333333333333333,1.0,False,0.07763043158507477,False,0.5714544861700017,False,0.008898776418242438
VKOR1_HUMAN_Chiasson_2020_activity,697,37,0.05308464849354376,0.0,0.0,0.0,False,True,0.0,0.003937007874015748,0.0,0.0,0.0,0.004514672686230248,0.011811023622047244,0.0,0.014285714285714285,0.0,0.011286681715575621,0.011811023622047244,0.0,0.02857142857142857,0.0,0.013544018058690745,0.015748031496062992,0.0,0.02857142857142857,0.0,0.022573363431151242,0.023622047244094488,0.0,0.02857142857142857,0.0,0.03837471783295711,0.031496062992125984,0.0,0.02857142857142857,0.0,0.04966139954853273,0.03937007874015748,0.0,0.05714285714285714,0.0,0.08577878103837472,0.047244094488188976,0.0,0.12857142857142856,0.0,0.11060948081264109,0.05905511811023622,0.0,0.15714285714285714,0.0,0.17155756207674944,0.09448818897637795,0.0,0.18571428571428572,0.0,0.2234762979683973,0.1141732283464567,0.14285714285714285,0.2571428571428571,0.25,0.46275395033860045,0.17716535433070865,0.5714285714285714,0.5142857142857142,0.5,0.4762979683972912,0.17716535433070865,0.5714285714285714,0.5142857142857142,0.5,0.8781038374717833,0.43700787401574803,0.8571428571428571,0.9,0.75,False,0.07795478029126346,True,0.5731105301171306,False,0.04522240292933821
