kcat-Km_2NH,kcat-Km_Paroxon,round,name,pred,mutant
420,22000000,0,WT,NA,NA
1100,8900000,1,H254R,OPD_BREDI.MODEL.logits.indices_80_111_130_172_204_233_254_269_271_272_274_306,H254R
13000,12000000,2,H254R_F306I,OPD_BREDI_H254R.MODEL.logits.indices_233_306,F306I
14000,9500000,3,H254R_F306I_I274S,OPD_BREDI_H254R_F306I.MODEL.logits.indices_274,I274S
450000,1200000,4,H254R_D233E_F306I_I274S,OPD_BREDI_H254R_F306I_I274S.MODEL.logits.indices_233,D233E
490000,940000,5,H254R_D233E_F306I_I274S_S269T,OPD_BREDI_H254R_D233E_F306I_I274S.MODEL.logits.indices_172_269,T172I
680000,810000,6,H254R_D233E_F306I_I274S_T172I_S269T,OPD_BREDI_H254R_D233E_F306I_I274S_T172I.MODEL.logits.indices_269,S269T
3200000,35000,9,H254R_D233E_F306I_I274S_T172I_S269T_M138I_T199I_L272M,OPD_BREDI_H254R_D233E_F306I_I274S_T172I_S269T_M138I_T199I.MODEL.logits.indices_272,L272M
3400000,24000,10,H254R_D233E_F306I_I274S_T172I_S269T_M138I_T199I_L272M_A80V,OPD_BREDI_H254R_D233E_F306I_I274S_T172I_S269T_M138I_T199I_L272M.MODEL.logits.indices_80,A80V
2100000,17000,11,H254R_D233E_F306I_I274S_T172I_S269T_M138I_T199I_L272M_A80V_S111R,OPD_BREDI_H254R_D233E_F306I_I274S_T172I_S269T_M138I_T199I_L272M_A80V.MODEL.logits.indices_111_204,S111R
2900000,27000,12,H254R_D233E_F306I_I274S_T172I_S269T_M138I_T199I_L272M_A80V_S111R_A204G,OPD_BREDI_H254R_D233E_F306I_I274S_T172I_S269T_M138I_T199I_L272M_A80V_S111R.MODEL.logits.indices_204,A204G
4700000,6100,13,H254R_D233E_F306I_I274S_T172I_S269T_M138I_T199I_L272M_A80V_S111R_A204G_L130V,OPD_BREDI_H254R_D233E_F306I_I274S_T172I_S269T_M138I_T199I_L272M_A80V_S111R_A204G.MODEL.logits.indices_130_271,L130V
5600000,1300,14,H254R_D233E_F306I_I274S_T172I_S269T_M138I_T199I_L272M_A80V_S111R_A204G_L130V_L271F,OPD_BREDI_H254R_D233E_F306I_I274S_T172I_S269T_M138I_T199I_L272M_A80V_S111R_A204G_L130V.MODEL.logits.indices_271,L271F